-- MySQL dump 10.13  Distrib 8.0.19, for Win64 (x86_64)
--
-- Host: ucmysqlacis01p.linux.canterbury.ac.nz    Database: tserver
-- ------------------------------------------------------
-- Server version	8.0.17

SET SQL_MODE = "NO_AUTO_VALUE_ON_ZERO";
SET time_zone = "+00:00";


/*!40101 SET @OLD_CHARACTER_SET_CLIENT=@@CHARACTER_SET_CLIENT */;
/*!40101 SET @OLD_CHARACTER_SET_RESULTS=@@CHARACTER_SET_RESULTS */;
/*!40101 SET @OLD_COLLATION_CONNECTION=@@COLLATION_CONNECTION */;
/*!40101 SET NAMES utf8 */;

--
-- Database: `tserver`
--

DELIMITER $$
--
-- Procedures
--
DROP PROCEDURE IF EXISTS `add_action`$$
CREATE DEFINER=`root`@`localhost` PROCEDURE `add_action`(
    IN id INT,
    IN cluster INT,
    IN offset TIME,
    IN length TIME
)
BEGIN
	insert into front_action (event_id, time_offset, cluster_id, activate) values (id, offset, 3, 0);
    insert into front_action (event_id, time_offset, cluster_id, activate) values (id, offset, cluster, 1);
    insert into front_action (event_id, time_offset, cluster_id, activate) values (id, length, cluster, 0);
    insert into front_action (event_id, time_offset, cluster_id, activate) values (id, length, 3, 1);
END$$

DROP PROCEDURE IF EXISTS `add_client`$$
CREATE DEFINER=`admin`@`localhost` PROCEDURE `add_client`(
IN p_room_name VARCHAR(127),
IN p_group_name VARCHAR(127),
IN p_mac VARCHAR(127),
IN p_serial_no VARCHAR(127),
IN p_position INT unsigned
)
BEGIN
	INSERT INTO front_client (mac, group_id, room_id, serial_no, position)
	VALUES (
		p_mac,
		(SELECT group_id FROM front_group WHERE machine_group = p_group_name),
		(SELECT room_id FROM front_room WHERE room_name = p_room_name),
		p_serial_no, p_position);
END$$

DROP PROCEDURE IF EXISTS `add_daily`$$
CREATE DEFINER=`root`@`localhost` PROCEDURE `add_daily`(
    IN id INT,
    IN group_id VARCHAR(255),
    IN day INT,
    IN start TIME
)
BEGIN
	insert into front_daily (event_id, group_id, day_of_week, start_time) values (id, group_id, day, start);
END$$

DROP PROCEDURE IF EXISTS `add_event_week`$$
CREATE DEFINER=`root`@`localhost` PROCEDURE `add_event_week`(
	IN name VARCHAR(255),
    IN id INT,
    IN week INT,
    IN year INT
)
BEGIN
	insert into front_event (event_name, status) values (name, 1);
    insert into front_weekly (event_id, week_of_year, event_year) values (id, week, year);
END$$

DROP PROCEDURE IF EXISTS `disable_cluster`$$
CREATE DEFINER=`admin`@`localhost` PROCEDURE `disable_cluster`(
        IN in_cluster_name CHAR(128),
        IN in_machine_group CHAR(100)
)
BEGIN
        update front_cluster_instance ci
        join front_cluster c on ci.cluster_id = c.cluster_id
        join front_group g on ci.group_id = g.group_id
        set active = 0 where cluster_name = in_cluster_name
        and machine_group = in_machine_group;

END$$

DROP PROCEDURE IF EXISTS `enable_cluster`$$
CREATE DEFINER=`admin`@`localhost` PROCEDURE `enable_cluster`(
	IN in_cluster_name CHAR(128),
	IN in_machine_group CHAR(100)
)
BEGIN
	update front_cluster_instance ci
	join front_cluster c on ci.cluster_id = c.cluster_id
	join front_group g on ci.group_id = g.group_id
	set active = 1 where cluster_name = in_cluster_name
	and machine_group = in_machine_group;

END$$

DROP PROCEDURE IF EXISTS `get_front`$$
CREATE DEFINER=`cluster_admin`@`localhost` PROCEDURE `get_front`(
        IN mac_address CHAR(17)
)
BEGIN

SET @mac = LOWER(mac_address);

SET @sql = CONCAT('( ',
                  'SELECT mac ',
                  '     , machine_group ',
                  '     , version ',
                  '     , config ' ,
                  '     , message ',
                  '     , 1 AS has_config ',
                  'FROM vw_front_clients ',
                  'WHERE mac = ? ',
                  ') ',
                  'UNION ',
                  '( ',
                  'SELECT ? AS mac ',
                  '     , machine_group ',
                  '     , config ' ,
                  '     , message ',
                  '     , 0 AS has_config ',
                  'FROM vw_front_groups ',
                  'WHERE machine_group = \'Default\' ',
                  ') ',
                  'LIMIT 1 ',
                  ';');
PREPARE userStmt FROM @sql;
EXECUTE userStmt USING @mac, @mac;
DEALLOCATE PREPARE userStmt;

END$$

DROP PROCEDURE IF EXISTS `register_client_ip`$$
CREATE DEFINER=`root`@`localhost` PROCEDURE `register_client_ip`(
	IN p_mac VARCHAR(127),
	IN p_ip VARCHAR(127)
)
BEGIN

	UPDATE front_client SET ip_addr = p_ip
	WHERE mac = p_mac;

END$$

DROP PROCEDURE IF EXISTS `show_rooms`$$
CREATE DEFINER=`root`@`localhost` PROCEDURE `show_rooms`()
BEGIN
	SELECT room_name FROM front_room ORDER BY room_name;
END$$

DROP PROCEDURE IF EXISTS `show_room_clients`$$
CREATE DEFINER=`root`@`localhost` PROCEDURE `show_room_clients`(
	IN p_room_name VARCHAR(127))
BEGIN
        SELECT mac, serial_no, position
	FROM vw_front_group_client
	WHERE room_name = p_room_name
	ORDER BY position;
END$$

DELIMITER ;

-- --------------------------------------------------------

--
-- Table structure for table `front_action`
--

DROP TABLE IF EXISTS `front_action`;
CREATE TABLE IF NOT EXISTS `front_action` (
  `action_id` int(11) unsigned NOT NULL AUTO_INCREMENT,
  `event_id` int(11) unsigned DEFAULT NULL,
  `time_offset` time DEFAULT NULL,
  `cluster_id` int(11) unsigned DEFAULT NULL,
  `activate` int(11) unsigned DEFAULT NULL,
  PRIMARY KEY (`action_id`),
  KEY `event_fk_idx` (`event_id`),
  KEY `cluster_fk_idx` (`cluster_id`)
) ENGINE=InnoDB  DEFAULT CHARSET=latin1 AUTO_INCREMENT=830 ;

--
-- Dumping data for table `front_action`
--

INSERT INTO `front_action` (`action_id`, `event_id`, `time_offset`, `cluster_id`, `activate`) VALUES
(1, 1, '-00:05:00', 9, 1),
(2, 1, '02:00:00', 9, 0),
(3, 2, '00:00:00', 4, 1),
(4, 2, '00:05:00', 4, 0),
(5, 3, '-00:10:00', 3, 0),
(6, 3, '-00:10:00', 4, 1),
(7, 3, '02:00:00', 4, 0),
(8, 3, '02:00:00', 3, 1),
(9, 4, '-00:10:00', 3, 0),
(10, 4, '-00:10:00', 4, 1),
(11, 4, '00:50:00', 4, 0),
(12, 4, '00:50:00', 3, 1),
(13, 5, '-00:10:00', 3, 0),
(14, 5, '-00:10:00', 4, 1),
(15, 5, '01:50:00', 4, 0),
(16, 5, '01:50:00', 3, 1),
(17, 6, '-00:10:00', 3, 0),
(18, 6, '-00:01:00', 7, 1),
(19, 6, '00:50:00', 7, 0),
(20, 6, '00:59:00', 7, 1),
(21, 6, '01:50:00', 7, 0),
(22, 6, '01:59:00', 7, 1),
(23, 6, '02:50:00', 7, 0),
(24, 6, '03:00:00', 3, 1),
(25, 7, '-00:15:00', 3, 0),
(26, 7, '-00:15:00', 6, 1),
(27, 7, '-00:15:00', 11, 1),
(28, 7, '05:00:00', 3, 1),
(29, 7, '05:00:00', 6, 0),
(30, 7, '05:00:00', 11, 0),
(31, 8, '-00:15:00', 3, 0),
(32, 8, '-00:15:00', 6, 1),
(33, 8, '-00:15:00', 11, 1),
(34, 8, '06:00:00', 3, 1),
(35, 8, '06:00:00', 6, 0),
(36, 8, '06:00:00', 11, 0),
(37, 9, '-00:10:00', 3, 0),
(38, 9, '-00:01:00', 7, 1),
(39, 9, '00:50:00', 7, 0),
(40, 9, '01:00:00', 3, 1),
(41, 10, '-00:10:00', 9, 1),
(42, 10, '-00:10:00', 3, 0),
(43, 10, '02:15:00', 3, 1),
(44, 10, '02:15:00', 9, 0),
(45, 12, '-00:10:00', 3, 0),
(46, 12, '-00:10:00', 9, 1),
(47, 12, '02:35:00', 9, 0),
(48, 12, '02:35:00', 3, 1),
(49, 10, '-00:10:00', 8, 1),
(50, 10, '02:15:00', 8, 0),
(51, 12, '-00:10:00', 8, 1),
(52, 12, '02:35:00', 8, 0),
(53, 14, '-00:05:00', 3, 0),
(54, 14, '-00:05:00', 8, 1),
(55, 14, '-00:05:00', 10, 1),
(56, 14, '01:40:00', 10, 0),
(57, 14, '01:40:00', 8, 0),
(58, 14, '01:40:00', 3, 1),
(65, 15, '-00:10:00', 3, 0),
(66, 15, '-00:10:00', 8, 1),
(67, 15, '-00:10:00', 10, 1),
(68, 15, '03:00:00', 10, 0),
(69, 15, '03:00:00', 8, 0),
(70, 15, '04:50:00', 3, 1),
(71, 16, '04:50:00', 3, 0),
(72, 16, '-00:05:00', 4, 1),
(73, 16, '00:30:00', 4, 0),
(74, 16, '00:30:00', 3, 1),
(75, 17, '-00:05:00', 3, 0),
(76, 17, '-00:05:00', 8, 1),
(77, 17, '-00:05:00', 9, 1),
(78, 17, '01:15:00', 8, 0),
(79, 17, '02:15:00', 9, 0),
(80, 17, '02:15:00', 3, 1),
(81, 18, '-00:05:00', 3, 0),
(82, 18, '-00:05:00', 4, 1),
(83, 18, '00:30:00', 4, 0),
(84, 18, '00:30:00', 3, 1),
(85, 19, '-00:10:00', 3, 0),
(86, 19, '-00:01:00', 7, 1),
(87, 19, '00:50:00', 7, 0),
(88, 19, '01:00:00', 3, 1),
(89, 20, '-00:05:00', 3, 0),
(90, 20, '-00:05:00', 6, 1),
(91, 20, '-00:05:00', 11, 1),
(92, 20, '01:00:00', 11, 0),
(93, 20, '01:00:00', 6, 0),
(94, 20, '01:00:00', 3, 1),
(95, 21, '-00:15:00', 3, 0),
(96, 21, '-00:15:00', 12, 1),
(97, 21, '01:35:00', 12, 0),
(98, 21, '02:00:00', 3, 1),
(99, 22, '-00:10:00', 3, 0),
(100, 22, '-00:10:00', 6, 1),
(102, 22, '-00:10:00', 11, 1),
(103, 22, '01:00:00', 11, 0),
(104, 22, '01:00:00', 6, 0),
(105, 22, '01:00:00', 3, 1),
(106, 23, '-00:05:00', 3, 0),
(107, 23, '-00:05:00', 8, 1),
(108, 23, '-00:05:00', 9, 1),
(109, 23, '02:15:00', 9, 0),
(110, 23, '02:15:00', 8, 0),
(111, 23, '02:15:00', 3, 1),
(112, 24, '00:00:00', 4, 1),
(113, 24, '00:40:00', 4, 0),
(114, 25, '-00:10:00', 3, 0),
(115, 25, '-00:05:00', 4, 1),
(116, 25, '03:00:00', 4, 0),
(117, 25, '03:00:00', 3, 1),
(118, 26, '-00:10:00', 3, 0),
(119, 26, '-00:05:00', 4, 1),
(120, 26, '04:00:00', 4, 0),
(121, 26, '04:00:00', 3, 1),
(122, 27, '-00:10:00', 3, 0),
(123, 27, '-00:05:00', 4, 1),
(124, 27, '03:00:00', 4, 0),
(125, 27, '03:00:00', 3, 1),
(126, 28, '-00:10:00', 3, 0),
(127, 28, '00:00:00', 4, 1),
(128, 28, '03:45:00', 4, 0),
(129, 28, '03:45:00', 3, 1),
(130, 29, '-00:10:00', 3, 0),
(131, 29, '-00:10:00', 6, 1),
(132, 29, '-00:10:00', 11, 1),
(133, 29, '05:00:00', 6, 0),
(134, 29, '05:00:00', 11, 0),
(135, 29, '05:00:00', 3, 1),
(136, 30, '-00:10:00', 3, 0),
(137, 30, '-00:10:00', 6, 1),
(138, 30, '-00:10:00', 11, 1),
(139, 30, '05:00:00', 6, 0),
(140, 30, '05:00:00', 11, 0),
(141, 30, '05:00:00', 3, 1),
(142, 31, '00:00:00', 4, 1),
(143, 31, '00:40:00', 4, 0),
(144, 32, '-00:05:00', 3, 0),
(145, 32, '-00:05:00', 8, 1),
(146, 32, '-00:05:00', 9, 1),
(147, 32, '02:30:00', 3, 1),
(148, 32, '02:30:00', 8, 0),
(149, 32, '02:30:00', 9, 0),
(150, 33, '-00:05:00', 3, 0),
(151, 33, '-00:05:00', 6, 1),
(152, 33, '-00:05:00', 11, 1),
(153, 33, '01:00:00', 3, 1),
(154, 33, '01:00:00', 6, 0),
(155, 33, '01:00:00', 11, 0),
(156, 34, '-00:10:00', 3, 0),
(157, 34, '-00:10:00', 13, 1),
(158, 34, '04:30:00', 13, 0),
(159, 34, '04:30:00', 3, 1),
(160, 35, '-00:05:00', 9, 1),
(161, 35, '02:00:00', 9, 0),
(162, 36, '-00:05:00', 3, 0),
(163, 36, '-00:05:00', 4, 1),
(164, 36, '01:50:00', 4, 0),
(165, 36, '01:50:00', 3, 1),
(166, 37, '-00:05:00', 3, 0),
(167, 37, '-00:05:00', 4, 1),
(168, 37, '03:30:00', 4, 0),
(169, 37, '03:30:00', 3, 1),
(170, 38, '-00:05:00', 3, 0),
(171, 38, '-00:05:00', 4, 1),
(172, 38, '00:40:00', 4, 0),
(173, 38, '00:40:00', 3, 1),
(174, 39, '-00:10:00', 3, 0),
(175, 39, '-00:10:00', 6, 1),
(176, 39, '-00:10:00', 11, 1),
(177, 39, '05:00:00', 3, 1),
(178, 39, '05:00:00', 6, 0),
(179, 39, '05:00:00', 11, 0),
(180, 40, '-00:10:00', 3, 0),
(181, 40, '-00:10:00', 6, 1),
(182, 40, '-00:10:00', 11, 1),
(183, 40, '06:15:00', 3, 1),
(184, 40, '06:15:00', 6, 0),
(185, 40, '06:15:00', 11, 0),
(186, 41, '-00:05:00', 3, 0),
(187, 41, '-00:05:00', 8, 1),
(188, 41, '-00:05:00', 9, 1),
(189, 41, '02:30:00', 3, 1),
(190, 41, '02:30:00', 8, 0),
(191, 41, '02:30:00', 9, 0),
(192, 42, '-00:05:00', 3, 0),
(193, 42, '-00:05:00', 8, 1),
(194, 42, '-00:05:00', 9, 1),
(195, 42, '02:15:00', 9, 0),
(196, 42, '02:15:00', 8, 0),
(197, 42, '02:15:00', 3, 1),
(198, 43, '-00:05:00', 3, 0),
(199, 43, '-00:05:00', 8, 1),
(200, 43, '-00:05:00', 9, 1),
(201, 43, '02:35:00', 9, 0),
(202, 43, '02:35:00', 8, 0),
(203, 43, '02:35:00', 3, 1),
(204, 44, '-00:05:00', 3, 0),
(205, 44, '-00:05:00', 8, 1),
(206, 44, '-00:05:00', 9, 1),
(207, 44, '02:30:00', 9, 0),
(208, 44, '02:30:00', 8, 0),
(209, 44, '02:30:00', 3, 1),
(210, 45, '-00:05:00', 3, 0),
(211, 45, '-00:05:00', 4, 1),
(212, 45, '01:25:00', 4, 0),
(213, 45, '01:25:00', 3, 1),
(214, 46, '-00:30:00', 14, 1),
(215, 46, '02:40:00', 14, 0),
(216, 47, '-00:30:00', 3, 0),
(217, 47, '-00:30:00', 12, 1),
(218, 47, '01:45:00', 12, 0),
(219, 47, '01:45:00', 3, 1),
(220, 48, '-00:10:00', 3, 0),
(221, 48, '-00:10:00', 6, 1),
(222, 48, '-00:10:00', 11, 1),
(223, 48, '01:00:00', 11, 0),
(224, 48, '01:00:00', 6, 0),
(225, 48, '01:00:00', 3, 1),
(226, 49, '-00:10:00', 3, 0),
(227, 49, '-00:10:00', 6, 1),
(228, 49, '-00:10:00', 11, 1),
(229, 49, '01:00:00', 11, 0),
(230, 49, '01:00:00', 6, 0),
(231, 49, '01:00:00', 3, 1),
(232, 51, '-00:05:00', 3, 0),
(233, 51, '-00:05:00', 8, 1),
(234, 51, '-00:05:00', 9, 1),
(235, 51, '02:00:00', 9, 0),
(236, 51, '02:00:00', 8, 0),
(237, 51, '02:00:00', 3, 1),
(238, 52, '-00:05:00', 3, 0),
(239, 52, '-00:05:00', 8, 1),
(240, 52, '-00:05:00', 9, 1),
(241, 52, '02:30:00', 9, 0),
(242, 52, '02:30:00', 8, 0),
(243, 52, '02:30:00', 3, 1),
(244, 53, '-00:10:00', 3, 0),
(245, 53, '-00:10:00', 6, 1),
(246, 53, '-00:10:00', 11, 1),
(247, 53, '02:00:00', 11, 0),
(248, 53, '02:00:00', 6, 0),
(249, 53, '02:00:00', 3, 1),
(250, 54, '-00:05:00', 4, 1),
(251, 54, '00:15:00', 4, 0),
(252, 55, '-00:05:00', 3, 0),
(253, 55, '-00:05:00', 4, 1),
(254, 55, '03:00:00', 4, 0),
(255, 55, '03:00:00', 3, 1),
(256, 56, '-00:05:00', 3, 0),
(257, 56, '-00:05:00', 4, 1),
(258, 56, '04:25:00', 4, 0),
(259, 56, '04:25:00', 3, 1),
(260, 57, '-00:10:00', 3, 0),
(261, 57, '-00:10:00', 6, 1),
(262, 57, '-00:10:00', 11, 1),
(263, 57, '04:50:00', 3, 1),
(264, 57, '04:50:00', 6, 0),
(265, 57, '04:50:00', 11, 0),
(266, 58, '-00:10:00', 3, 0),
(267, 58, '-00:10:00', 6, 1),
(268, 58, '-00:10:00', 11, 1),
(269, 58, '04:00:00', 3, 1),
(270, 58, '04:00:00', 6, 0),
(271, 58, '04:00:00', 11, 0),
(272, 59, '-00:10:00', 3, 0),
(273, 59, '-00:10:00', 6, 1),
(274, 59, '-00:10:00', 11, 1),
(275, 59, '04:20:00', 3, 1),
(276, 59, '04:20:00', 6, 0),
(277, 59, '04:20:00', 11, 0),
(278, 60, '-00:10:00', 3, 0),
(279, 60, '-00:05:00', 4, 1),
(280, 60, '03:45:00', 4, 0),
(281, 60, '03:45:00', 3, 1),
(282, 61, '-00:10:00', 3, 0),
(283, 61, '-00:05:00', 4, 1),
(284, 61, '04:30:00', 4, 0),
(285, 61, '04:30:00', 3, 1),
(286, 62, '-00:10:00', 3, 0),
(287, 62, '-00:05:00', 4, 1),
(288, 62, '04:30:00', 4, 0),
(289, 62, '04:30:00', 3, 1),
(290, 63, '-00:05:00', 4, 1),
(291, 63, '00:50:00', 4, 0),
(292, 64, '-00:05:00', 3, 0),
(293, 64, '-00:05:00', 4, 1),
(294, 64, '00:30:00', 4, 0),
(295, 64, '00:30:00', 3, 1),
(296, 65, '-00:05:00', 3, 0),
(297, 65, '-00:05:00', 4, 1),
(298, 65, '01:00:00', 4, 0),
(299, 65, '01:00:00', 3, 1),
(300, 66, '-00:05:00', 3, 0),
(301, 66, '-00:05:00', 4, 1),
(302, 66, '00:50:00', 4, 0),
(303, 66, '00:50:00', 3, 1),
(304, 67, '-00:10:00', 3, 0),
(305, 67, '-00:05:00', 15, 1),
(306, 67, '02:00:00', 15, 0),
(307, 67, '02:00:00', 3, 1),
(308, 68, '00:00:00', 8, 1),
(309, 68, '02:00:00', 8, 0),
(310, 69, '-00:05:00', 4, 1),
(311, 69, '00:30:00', 4, 0),
(312, 70, '00:00:00', 3, 0),
(313, 70, '00:00:00', 13, 1),
(314, 70, '04:00:00', 13, 0),
(315, 70, '04:00:00', 3, 1),
(316, 71, '-00:05:00', 4, 1),
(317, 71, '00:15:00', 4, 0),
(318, 72, '-00:05:00', 3, 0),
(319, 72, '-00:05:00', 4, 1),
(320, 72, '00:50:00', 4, 0),
(321, 72, '00:50:00', 3, 1),
(322, 73, '-00:05:00', 3, 0),
(323, 73, '-00:05:00', 4, 1),
(324, 73, '02:50:00', 4, 0),
(325, 73, '02:50:00', 3, 1),
(326, 74, '00:15:00', 3, 0),
(327, 74, '00:15:00', 16, 1),
(328, 74, '03:50:00', 16, 0),
(329, 74, '03:50:00', 3, 1),
(330, 76, '-00:15:00', 3, 0),
(331, 76, '-00:15:00', 16, 1),
(332, 76, '02:50:00', 16, 0),
(333, 76, '02:50:00', 3, 1),
(334, 75, '00:15:00', 3, 0),
(335, 75, '00:15:00', 16, 1),
(336, 75, '06:50:00', 16, 0),
(337, 75, '06:50:00', 3, 1),
(338, 77, '-00:05:00', 3, 0),
(339, 77, '-00:05:00', 4, 1),
(340, 77, '00:40:00', 4, 0),
(341, 77, '00:40:00', 3, 1),
(342, 78, '-00:05:00', 3, 0),
(343, 78, '-00:05:00', 6, 1),
(344, 78, '-00:05:00', 11, 1),
(345, 78, '05:50:00', 11, 0),
(346, 78, '05:50:00', 6, 0),
(347, 78, '05:50:00', 3, 1),
(348, 79, '-00:05:00', 3, 0),
(349, 79, '-00:05:00', 6, 1),
(350, 79, '-00:05:00', 11, 1),
(351, 79, '03:50:00', 11, 0),
(352, 79, '03:50:00', 6, 0),
(353, 79, '03:50:00', 3, 1),
(354, 80, '-00:10:00', 3, 0),
(355, 80, '-00:10:00', 16, 1),
(356, 80, '00:50:00', 16, 0),
(357, 80, '00:50:00', 3, 1),
(358, 81, '00:00:00', 3, 0),
(359, 81, '00:00:00', 12, 1),
(360, 81, '02:30:00', 12, 0),
(361, 81, '02:30:00', 3, 1),
(362, 82, '-00:01:00', 3, 0),
(363, 82, '-00:01:00', 8, 1),
(364, 82, '-00:01:00', 9, 1),
(365, 82, '01:53:00', 9, 0),
(366, 82, '01:53:00', 8, 0),
(367, 82, '01:58:00', 3, 1),
(368, 83, '-00:01:00', 3, 0),
(369, 83, '-00:01:00', 8, 1),
(370, 83, '-00:01:00', 9, 1),
(371, 83, '02:30:00', 9, 0),
(372, 83, '02:30:00', 8, 0),
(373, 83, '02:30:00', 3, 1),
(374, 84, '-00:10:00', 3, 0),
(375, 84, '-00:10:00', 7, 1),
(376, 84, '02:00:00', 7, 0),
(377, 84, '02:00:00', 3, 1),
(382, 86, '00:00:00', 3, 0),
(383, 86, '00:00:00', 8, 1),
(384, 86, '00:00:00', 9, 1),
(385, 86, '02:05:00', 3, 1),
(386, 86, '02:05:00', 8, 0),
(387, 86, '02:05:00', 9, 0),
(388, 87, '-00:05:00', 3, 0),
(389, 87, '-00:05:00', 6, 1),
(390, 87, '-00:05:00', 11, 1),
(391, 87, '01:00:00', 11, 0),
(392, 87, '01:00:00', 6, 0),
(393, 87, '01:00:00', 3, 1),
(394, 88, '00:00:00', 3, 0),
(395, 88, '00:00:00', 17, 1),
(396, 88, '00:15:00', 17, 0),
(397, 88, '00:15:00', 3, 1),
(398, 89, '-00:30:00', 3, 0),
(399, 89, '-00:30:00', 17, 1),
(400, 89, '03:30:00', 17, 0),
(401, 89, '03:30:00', 3, 1),
(402, 90, '-00:10:00', 3, 0),
(403, 90, '-00:10:00', 6, 1),
(404, 90, '-00:10:00', 11, 1),
(405, 90, '00:40:00', 11, 0),
(406, 90, '00:40:00', 6, 0),
(407, 90, '00:40:00', 3, 1),
(408, 91, '-00:10:00', 3, 0),
(409, 91, '-00:10:00', 6, 1),
(410, 91, '-00:10:00', 11, 1),
(411, 91, '00:40:00', 11, 0),
(412, 91, '00:40:00', 6, 0),
(413, 91, '00:40:00', 3, 1),
(414, 92, '-00:05:00', 3, 0),
(415, 92, '-00:05:00', 8, 1),
(416, 92, '-00:05:00', 9, 1),
(417, 92, '02:30:00', 9, 0),
(418, 92, '02:30:00', 8, 0),
(419, 92, '02:30:00', 3, 1),
(420, 93, '-00:05:00', 3, 0),
(421, 93, '-00:05:00', 6, 1),
(422, 93, '-00:05:00', 11, 1),
(423, 93, '04:50:00', 11, 0),
(424, 93, '04:50:00', 6, 0),
(425, 93, '04:50:00', 3, 1),
(426, 94, '-00:05:00', 3, 0),
(427, 94, '-00:05:00', 6, 1),
(428, 94, '-00:05:00', 11, 1),
(429, 94, '05:00:00', 11, 0),
(430, 94, '05:00:00', 6, 0),
(431, 94, '05:00:00', 3, 1),
(432, 95, '-00:05:00', 3, 0),
(433, 95, '-00:05:00', 4, 1),
(434, 95, '03:00:00', 4, 0),
(435, 95, '03:00:00', 3, 1),
(436, 96, '-00:05:00', 3, 0),
(437, 96, '-00:05:00', 4, 1),
(438, 96, '04:00:00', 4, 0),
(439, 96, '04:00:00', 3, 1),
(440, 97, '-00:05:00', 3, 0),
(441, 97, '-00:05:00', 6, 1),
(442, 97, '-00:05:00', 11, 1),
(443, 97, '00:30:00', 3, 1),
(444, 97, '00:30:00', 6, 0),
(445, 97, '00:30:00', 11, 0),
(446, 98, '-00:05:00', 3, 0),
(447, 98, '-00:05:00', 16, 1),
(448, 98, '02:00:00', 16, 0),
(449, 98, '02:00:00', 3, 1),
(450, 98, '02:25:00', 3, 0),
(451, 98, '02:25:00', 16, 1),
(452, 98, '07:00:00', 16, 0),
(453, 98, '07:00:00', 3, 1),
(454, 99, '-00:05:00', 3, 0),
(455, 99, '-00:05:00', 16, 1),
(456, 99, '02:00:00', 16, 1),
(457, 99, '02:00:00', 3, 0),
(458, 99, '04:55:00', 3, 0),
(459, 99, '04:55:00', 16, 1),
(460, 99, '08:00:00', 16, 0),
(461, 99, '08:00:00', 3, 1),
(462, 100, '-00:05:00', 3, 0),
(463, 100, '-00:05:00', 16, 1),
(464, 100, '01:30:00', 16, 0),
(465, 100, '01:30:00', 3, 1),
(466, 101, '-00:05:00', 3, 0),
(467, 101, '-00:05:00', 16, 1),
(468, 101, '03:30:00', 16, 0),
(469, 101, '03:30:00', 3, 1),
(470, 102, '-00:05:00', 3, 0),
(471, 102, '-00:05:00', 6, 1),
(472, 102, '-00:05:00', 11, 1),
(473, 102, '04:50:00', 3, 1),
(474, 102, '04:50:00', 6, 0),
(475, 102, '04:50:00', 11, 0),
(476, 103, '-00:05:00', 3, 0),
(477, 103, '-00:05:00', 6, 1),
(478, 103, '-00:05:00', 11, 1),
(479, 103, '01:30:00', 3, 1),
(480, 103, '01:30:00', 6, 0),
(481, 103, '01:30:00', 11, 0),
(482, 103, '03:25:00', 3, 0),
(483, 103, '03:25:00', 6, 1),
(484, 103, '03:25:00', 11, 1),
(485, 103, '06:50:00', 3, 1),
(486, 103, '06:50:00', 6, 0),
(487, 103, '06:50:00', 11, 0),
(488, 104, '-00:05:00', 3, 0),
(489, 104, '-00:05:00', 16, 1),
(490, 104, '00:30:00', 16, 0),
(491, 104, '00:30:00', 3, 1),
(492, 105, '-00:05:00', 3, 0),
(493, 105, '-00:05:00', 18, 1),
(494, 105, '00:50:00', 18, 0),
(495, 105, '00:50:00', 3, 1),
(496, 106, '-00:10:00', 3, 0),
(497, 106, '-00:10:00', 12, 1),
(498, 106, '00:50:00', 12, 0),
(499, 106, '00:50:00', 3, 1),
(500, 107, '-00:05:00', 3, 0),
(501, 107, '-00:05:00', 4, 1),
(502, 107, '02:30:00', 4, 0),
(503, 107, '02:30:00', 3, 1),
(504, 107, '03:25:00', 3, 0),
(505, 107, '03:25:00', 4, 1),
(506, 107, '05:30:00', 4, 0),
(507, 107, '05:30:00', 3, 1),
(508, 108, '-00:05:00', 3, 0),
(509, 108, '-00:05:00', 4, 1),
(510, 108, '02:00:00', 4, 0),
(511, 108, '02:00:00', 3, 1),
(512, 108, '03:55:00', 3, 0),
(513, 108, '03:55:00', 4, 1),
(514, 108, '07:00:00', 4, 0),
(515, 108, '07:00:00', 3, 1),
(516, 109, '-00:01:00', 3, 0),
(517, 109, '-00:01:00', 8, 1),
(518, 109, '-00:01:00', 9, 1),
(519, 109, '01:53:00', 9, 0),
(520, 109, '01:53:00', 8, 0),
(521, 109, '01:53:00', 3, 1),
(522, 110, '-00:01:00', 3, 0),
(523, 110, '-00:01:00', 8, 1),
(524, 110, '-00:01:00', 9, 1),
(525, 110, '02:15:00', 9, 0),
(526, 110, '02:15:00', 8, 0),
(527, 110, '02:15:00', 3, 1),
(528, 111, '-00:05:00', 3, 0),
(529, 111, '-00:05:00', 4, 1),
(530, 111, '01:15:00', 4, 0),
(531, 111, '01:15:00', 3, 1),
(532, 112, '-00:05:00', 3, 0),
(533, 112, '-00:05:00', 7, 1),
(534, 112, '02:00:00', 7, 0),
(535, 112, '02:00:00', 3, 1),
(536, 113, '-00:05:00', 3, 0),
(537, 113, '-00:05:00', 8, 1),
(538, 113, '-00:05:00', 9, 1),
(539, 113, '01:55:00', 9, 0),
(540, 113, '01:55:00', 8, 0),
(541, 113, '01:55:00', 3, 1),
(542, 114, '-00:05:00', 3, 0),
(543, 114, '-00:05:00', 8, 1),
(545, 114, '01:00:00', 8, 0),
(546, 114, '01:00:00', 3, 1),
(547, 115, '-00:05:00', 3, 0),
(548, 115, '-00:05:00', 4, 1),
(549, 115, '01:15:00', 4, 0),
(550, 115, '01:15:00', 3, 1),
(551, 116, '00:00:00', 3, 0),
(552, 116, '00:00:00', 19, 1),
(553, 116, '04:00:00', 19, 0),
(554, 116, '04:00:00', 3, 1),
(557, 120, '00:00:00', 3, 0),
(558, 120, '00:00:00', 12, 1),
(559, 120, '03:00:00', 12, 0),
(560, 120, '03:00:00', 3, 1),
(561, 118, '00:00:00', 3, 0),
(562, 118, '00:00:00', 17, 1),
(563, 118, '04:00:00', 17, 0),
(564, 118, '04:00:00', 3, 1),
(565, 119, '00:00:00', 3, 0),
(566, 119, '00:00:00', 20, 1),
(567, 119, '04:00:00', 20, 0),
(568, 119, '04:00:00', 3, 1),
(569, 121, '-00:05:00', 3, 0),
(570, 121, '-00:05:00', 9, 1),
(571, 121, '02:30:00', 9, 0),
(572, 121, '02:30:00', 3, 1),
(573, 122, '-00:05:00', 3, 0),
(574, 122, '-00:05:00', 6, 1),
(575, 122, '-00:05:00', 11, 1),
(576, 122, '04:55:00', 3, 1),
(577, 122, '04:55:00', 6, 0),
(578, 122, '04:55:00', 11, 0),
(579, 123, '-00:05:00', 3, 0),
(580, 123, '-00:05:00', 6, 1),
(581, 123, '-00:05:00', 11, 1),
(582, 123, '06:55:00', 3, 1),
(583, 123, '06:55:00', 6, 0),
(584, 123, '06:55:00', 11, 0),
(585, 124, '-00:05:00', 3, 0),
(586, 124, '-00:05:00', 4, 1),
(587, 124, '03:00:00', 3, 1),
(588, 124, '03:00:00', 4, 0),
(589, 125, '-00:05:00', 3, 0),
(590, 125, '-00:05:00', 4, 1),
(591, 125, '04:10:00', 3, 1),
(592, 125, '04:10:00', 4, 0),
(593, 126, '-00:05:00', 3, 0),
(594, 126, '-00:05:00', 6, 1),
(595, 126, '-00:05:00', 11, 1),
(596, 126, '00:50:00', 3, 1),
(597, 126, '00:50:00', 6, 0),
(598, 126, '00:50:00', 11, 0),
(599, 127, '-00:30:00', 3, 0),
(600, 127, '-00:30:00', 21, 1),
(601, 127, '03:30:00', 21, 0),
(602, 127, '03:30:00', 3, 1),
(603, 128, '-00:45:00', 3, 0),
(604, 128, '-00:45:00', 13, 1),
(605, 128, '03:30:00', 13, 0),
(606, 128, '03:30:00', 3, 1),
(607, 129, '-00:05:00', 3, 0),
(608, 129, '-00:05:00', 22, 1),
(609, 129, '01:00:00', 22, 0),
(610, 129, '01:00:00', 3, 1),
(615, 131, '-00:15:00', 3, 0),
(616, 131, '-00:15:00', 16, 1),
(617, 131, '07:45:00', 16, 0),
(618, 131, '07:45:00', 3, 1),
(619, 132, '-00:15:00', 3, 0),
(620, 132, '-00:15:00', 16, 1),
(621, 132, '02:15:00', 16, 0),
(622, 132, '02:15:00', 3, 1),
(623, 133, '-00:15:00', 3, 0),
(624, 133, '-00:15:00', 16, 1),
(625, 133, '01:45:00', 16, 0),
(626, 133, '01:45:00', 3, 1),
(627, 133, '04:15:00', 3, 0),
(628, 133, '04:15:00', 16, 1),
(629, 133, '07:45:00', 16, 0),
(630, 133, '07:45:00', 3, 1),
(631, 134, '-00:05:00', 3, 0),
(632, 134, '-00:05:00', 6, 1),
(633, 134, '-00:05:00', 11, 1),
(634, 134, '06:30:00', 11, 0),
(635, 134, '06:30:00', 6, 0),
(636, 134, '06:30:00', 3, 1),
(637, 135, '-00:05:00', 3, 0),
(638, 135, '-00:05:00', 6, 1),
(639, 135, '-00:05:00', 11, 1),
(640, 135, '03:00:00', 11, 0),
(641, 135, '03:00:00', 6, 0),
(642, 135, '03:00:00', 3, 1),
(643, 136, '-00:05:00', 3, 0),
(644, 136, '-00:05:00', 18, 1),
(645, 136, '00:50:00', 18, 0),
(646, 136, '00:50:00', 3, 1),
(647, 137, '-00:05:00', 3, 0),
(648, 137, '-00:05:00', 16, 1),
(649, 137, '00:55:00', 16, 0),
(650, 137, '00:55:00', 3, 1),
(651, 138, '-00:05:00', 3, 0),
(652, 138, '-00:05:00', 4, 1),
(653, 138, '01:00:00', 4, 0),
(654, 138, '01:00:00', 3, 1),
(655, 139, '-00:10:00', 3, 0),
(656, 139, '-00:10:00', 12, 1),
(657, 139, '01:00:00', 12, 0),
(658, 139, '01:00:00', 3, 1),
(659, 140, '-00:05:00', 3, 0),
(660, 140, '-00:05:00', 23, 1),
(661, 140, '01:00:00', 23, 0),
(662, 140, '01:00:00', 3, 1),
(663, 142, '-00:10:00', 3, 0),
(664, 142, '-00:10:00', 8, 1),
(665, 142, '-00:10:00', 9, 1),
(666, 142, '02:00:00', 3, 1),
(667, 142, '02:00:00', 8, 0),
(668, 142, '02:00:00', 9, 0),
(669, 143, '-00:10:00', 3, 0),
(670, 143, '-00:10:00', 8, 1),
(671, 143, '-00:10:00', 9, 1),
(672, 143, '02:15:00', 3, 1),
(673, 143, '02:15:00', 8, 0),
(674, 143, '02:15:00', 9, 0),
(675, 144, '-00:10:00', 3, 0),
(676, 144, '-00:10:00', 8, 1),
(677, 144, '-00:10:00', 9, 1),
(678, 144, '04:00:00', 3, 1),
(679, 144, '04:00:00', 8, 0),
(680, 144, '04:00:00', 9, 0),
(681, 145, '-00:10:00', 3, 0),
(682, 145, '-00:10:00', 8, 1),
(683, 145, '-00:10:00', 9, 1),
(684, 145, '06:00:00', 3, 1),
(685, 145, '06:00:00', 8, 0),
(686, 145, '06:00:00', 9, 0),
(687, 146, '-00:10:00', 3, 0),
(688, 146, '-00:10:00', 8, 1),
(689, 146, '-00:10:00', 9, 1),
(691, 146, '08:00:00', 3, 1),
(692, 146, '08:00:00', 8, 0),
(693, 146, '08:00:00', 9, 0),
(694, 147, '-00:10:00', 3, 0),
(695, 147, '-00:10:00', 8, 1),
(696, 147, '-00:10:00', 9, 1),
(697, 147, '10:15:00', 3, 1),
(698, 147, '10:15:00', 8, 0),
(699, 147, '10:15:00', 9, 0),
(700, 148, '-00:05:00', 3, 0),
(701, 148, '-00:05:00', 7, 1),
(702, 148, '02:00:00', 3, 1),
(703, 148, '02:00:00', 7, 0),
(704, 149, '-00:05:00', 3, 0),
(705, 149, '-00:05:00', 4, 1),
(707, 149, '07:55:00', 3, 1),
(708, 149, '07:55:00', 4, 0),
(709, 149, '09:55:00', 3, 0),
(710, 149, '09:55:00', 4, 1),
(712, 149, '12:10:00', 3, 1),
(713, 149, '12:10:00', 4, 0),
(714, 150, '-00:05:00', 3, 0),
(715, 150, '-00:05:00', 4, 1),
(716, 150, '01:55:00', 3, 1),
(717, 150, '01:55:00', 4, 0),
(718, 150, '03:55:00', 3, 0),
(719, 150, '03:55:00', 4, 1),
(720, 150, '07:55:00', 3, 1),
(721, 150, '07:55:00', 4, 0),
(722, 150, '09:55:00', 3, 0),
(723, 150, '09:55:00', 4, 1),
(724, 150, '11:55:00', 3, 1),
(725, 150, '11:55:00', 4, 0),
(726, 151, '-00:05:00', 3, 0),
(727, 151, '-00:05:00', 8, 1),
(728, 151, '-00:05:00', 9, 1),
(729, 151, '01:50:00', 3, 1),
(730, 151, '01:50:00', 8, 0),
(731, 151, '01:50:00', 9, 0),
(732, 152, '-00:05:00', 3, 0),
(733, 152, '-00:05:00', 8, 1),
(734, 152, '-00:05:00', 9, 1),
(735, 152, '02:15:00', 3, 1),
(736, 152, '02:15:00', 8, 0),
(737, 152, '02:15:00', 9, 0),
(738, 153, '-00:05:00', 3, 0),
(739, 153, '-00:05:00', 8, 1),
(740, 153, '01:15:00', 3, 1),
(741, 153, '01:15:00', 8, 0),
(742, 154, '-00:05:00', 3, 0),
(743, 154, '-00:05:00', 23, 1),
(744, 154, '03:50:00', 3, 1),
(745, 154, '03:50:00', 23, 0),
(746, 155, '00:00:00', 3, 0),
(747, 155, '00:00:00', 12, 1),
(748, 155, '02:30:00', 3, 1),
(749, 155, '02:30:00', 12, 0),
(750, 156, '00:00:00', 3, 0),
(751, 156, '00:00:00', 24, 1),
(752, 156, '03:00:00', 3, 1),
(753, 156, '03:00:00', 24, 0),
(754, 157, '00:00:00', 3, 0),
(755, 157, '00:00:00', 26, 1),
(756, 157, '03:00:00', 3, 1),
(757, 157, '03:00:00', 26, 0),
(758, 158, '00:00:00', 3, 0),
(759, 158, '00:00:00', 17, 1),
(760, 158, '03:30:00', 3, 1),
(761, 158, '03:30:00', 17, 0),
(762, 159, '00:00:00', 3, 0),
(763, 159, '00:00:00', 25, 1),
(764, 159, '03:00:00', 3, 1),
(765, 159, '03:00:00', 25, 0),
(766, 160, '-00:05:00', 3, 0),
(767, 160, '-00:05:00', 6, 1),
(768, 160, '-00:05:00', 11, 1),
(769, 160, '00:30:00', 11, 0),
(770, 160, '00:30:00', 6, 0),
(771, 160, '00:30:00', 3, 1),
(772, 161, '-00:05:00', 3, 0),
(774, 161, '-00:05:00', 6, 1),
(775, 161, '-00:05:00', 11, 1),
(776, 161, '00:30:00', 11, 0),
(777, 161, '00:30:00', 6, 0),
(778, 161, '00:30:00', 3, 1),
(779, 162, '-00:10:00', 3, 0),
(780, 162, '-00:10:00', 8, 1),
(781, 162, '-00:10:00', 9, 1),
(782, 162, '02:00:00', 3, 1),
(783, 162, '02:00:00', 8, 0),
(784, 162, '02:00:00', 9, 0),
(785, 163, '-00:05:00', 3, 0),
(786, 163, '-00:05:00', 23, 1),
(787, 163, '02:00:00', 23, 0),
(788, 163, '02:00:00', 3, 1),
(789, 164, '-00:05:00', 3, 0),
(790, 164, '-00:05:00', 23, 1),
(791, 164, '02:00:00', 23, 0),
(792, 164, '02:00:00', 3, 1),
(793, 165, '-00:05:00', 3, 0),
(794, 165, '-00:05:00', 23, 1),
(795, 165, '00:30:00', 23, 0),
(796, 165, '00:30:00', 3, 1),
(797, 166, '-00:05:00', 3, 0),
(798, 166, '-00:05:00', 23, 1),
(799, 166, '00:30:00', 23, 0),
(800, 166, '00:30:00', 3, 1),
(801, 167, '-00:05:00', 3, 0),
(802, 167, '-00:05:00', 4, 1),
(803, 167, '03:00:00', 4, 0),
(804, 167, '03:00:00', 3, 1),
(805, 168, '-00:05:00', 3, 0),
(806, 168, '-00:05:00', 4, 1),
(808, 168, '03:40:00', 3, 1),
(809, 168, '03:40:00', 4, 0),
(810, 169, '-00:05:00', 3, 0),
(811, 169, '-00:05:00', 4, 1),
(812, 169, '02:10:00', 4, 0),
(813, 169, '02:10:00', 3, 1),
(814, 170, '-00:05:00', 3, 0),
(815, 170, '-00:05:00', 6, 1),
(816, 170, '-00:05:00', 11, 1),
(817, 170, '07:00:00', 3, 1),
(818, 170, '07:00:00', 6, 0),
(819, 170, '07:00:00', 11, 0),
(820, 171, '-00:05:00', 3, 0),
(821, 171, '-00:05:00', 6, 1),
(822, 171, '-00:05:00', 11, 1),
(823, 171, '01:30:00', 3, 1),
(824, 171, '01:30:00', 6, 0),
(825, 171, '01:30:00', 11, 0),
(826, 172, '-00:05:00', 3, 0),
(827, 172, '-00:05:00', 4, 1),
(828, 172, '01:00:00', 3, 1),
(829, 172, '01:00:00', 4, 0);

-- --------------------------------------------------------

--
-- Table structure for table `front_client`
--

DROP TABLE IF EXISTS `front_client`;
CREATE TABLE IF NOT EXISTS `front_client` (
  `client_id` int(11) unsigned NOT NULL DEFAULT '0',
  `mac` char(17) NOT NULL,
  `group_id` int(10) unsigned NOT NULL COMMENT 'The machine group the terminal belongs to',
  `room_id` int(10) unsigned DEFAULT NULL,
  `serial_no` varchar(128) NOT NULL,
  `position` int(11) DEFAULT NULL,
  `ip_addr` char(24) DEFAULT NULL,
  `default_printer_id` int(11) DEFAULT NULL,
  PRIMARY KEY (`client_id`),
  KEY `room_fk_idx` (`room_id`),
  KEY `group_fk_idx` (`group_id`)
) ENGINE=InnoDB DEFAULT CHARSET=latin1;

--
-- Dumping data for table `front_client`
--

INSERT INTO `front_client` (`client_id`, `mac`, `group_id`, `room_id`, `serial_no`, `position`, `ip_addr`, `default_printer_id`) VALUES
(2, '00:27:0e:23:65:ac', 11, 79, '', NULL, '132.181.21.213', NULL),
(3, '08:00:27:cd:71:ed', 3, 1, '10', NULL, NULL, NULL),
(4, '08:00:27:d2:bf:17', 3, 1, '11', NULL, NULL, NULL),
(121, '00:1c:c0:c2:9e:52', 18, 73, '76337', 1, '132.181.20.137', NULL),
(122, '00:27:0e:23:65:a7', 10, 57, '76339', 1, '132.181.20.108', NULL),
(123, '00:1c:c0:76:88:ca', 10, 43, '67000', 1, '132.181.21.231', NULL),
(129, '00:27:0e:23:5a:af', 14, 19, '5000', 2, '132.181.21.185', NULL),
(130, '00:27:0e:22:90:ab', 10, 64, '76357', 1, NULL, NULL),
(131, '00:27:0e:22:90:cb', 10, 64, '76357', 1, '132.181.20.231', NULL),
(132, '00:1C:C0:8A:24:17', 19, 81, '68244', 3, '132.181.25.179', NULL),
(135, '00:1C:C0:77:A6:64', 19, 81, '67676', 4, '132.181.25.201', NULL),
(136, '00:1C:C0:2B:9C:CE', 19, 81, '66508', 1, '132.181.24.166', NULL),
(137, '00:1C:C0:2B:E6:F9', 19, 81, '66498', 2, '132.181.24.193', NULL),
(140, '00:1c:c0:89:77:6d', 16, 87, '68260', 5, '132.181.21.118', NULL),
(141, '70:71:bc:a2:af:1a', 15, 19, '64395', 2, '132.181.20.134', NULL),
(142, '00:1c:c0:76:ec:39', 11, 38, '67019', 1, '132.181.21.110', NULL),
(143, '00:1c:c0:82:6c:dd', 16, 38, '67659', 3, '132.181.20.196', NULL),
(144, '00:1c:c0:bf:20:64', 22, 80, '72734', 25, '132.181.25.121', NULL),
(153, '00:1c:c0:bf:20:70', 18, 44, '72735', 1, '132.181.21.130', NULL),
(154, '00:27:0e:23:5a:ab', 18, 44, '76349', 2, '132.181.21.170', NULL),
(155, '00:19:d1:9f:f7:72', 18, 44, '61408', 3, '132.181.21.133', NULL),
(156, '00:1c:c0:bf:20:02', 18, 44, '72738', 4, '132.181.21.184', NULL),
(157, '00:27:0e:11:31:9a', 18, 44, '76345', 5, '132.181.20.210', NULL),
(158, '00:27:0e:23:5a:72', 18, 44, '76344', 6, '132.181.21.147', NULL),
(160, '70:71:bc:a3:11:fe', 18, 75, '79027', 1, '132.181.20.127', NULL),
(166, '00:1c:c0:81:76:60', 10, 82, '67018', 2, '132.181.25.235', NULL),
(167, '00:1c:c0:a0:09:3a', 10, 82, '61428', 1, '132.181.25.204', NULL),
(168, '00:1c:c0:bf:20:32', 16, 86, '72742', 5, '132.181.25.85', NULL),
(169, '00:1c:c0:bf:20:4e', 16, 85, '76366', 5, '132.181.25.218', NULL),
(170, '00:27:0e:1a:1c:cd', 16, 85, 'C041CJ', 6, '132.181.24.152', NULL),
(171, '00:1C:C0:D6:4D:46', 22, 80, '71823', 39, '132.181.25.172', NULL),
(173, '00:1C:C0:82:39:E3', 10, 82, '67751', 6, '132.181.25.110', NULL),
(174, '00:1c:c0:3c:b3:2c', 18, 11, '64422', 1, '132.181.20.97', NULL),
(176, '00:1c:c0:76:dd:f6', 18, 11, '66992', 2, '132.181.21.123', NULL),
(177, '00:1C:c0:E0:C8:10', 9, 12, '72465', 3, '132.181.21.97', NULL),
(178, '00:27:0e:23:59:d0', 9, 12, '76553', 4, '132.181.20.183', NULL),
(179, '00:27:0e:26:26:22', 18, 12, '76919', 3, '132.181.21.216', NULL),
(180, '00:27:0e:11:31:54', 18, 34, '75201', 2, '132.181.21.228', NULL),
(181, '00:27:0E:23:59:E8', 20, 24, 'C006EJ', 4, '132.181.25.110', NULL),
(184, '00:1c:c0:f0:19:df', 16, 86, '73297', 1, '132.181.24.236', NULL),
(186, '00:27:0e:0b:23:3d', 16, 37, '73913', 9, '132.181.21.117', NULL),
(187, '00:1c:c0:da:6b:64', 19, 81, '71601', 6, '132.181.24.110', NULL),
(188, '00:27:0e:01:81:c1', 18, 58, '73589', 2, '132.181.20.139', NULL),
(189, '00:1c:c0:f0:19:f6', 18, 17, '73144', 3, '132.181.20.164', NULL),
(190, '00:27:0e:01:86:d7', 18, 56, '73591', 1, '132.181.21.100', NULL),
(191, '00:27:0e:23:5a:c6', 18, 61, '76789', 1, '132.181.20.141', NULL),
(193, '00:1c:c0:f0:19:d1', 11, 51, '73899', 3, '132.181.20.99', NULL),
(194, '00:1c:c0:d6:63:b1', 18, 59, '73290', 1, '132.181.21.137', NULL),
(196, '00:1c:c0:f0:1a:2e', 19, 81, '73060', 10, '132.181.25.95', NULL),
(198, '70:71:bc:a2:b1:0f', 18, 66, '79048', 1, '132.181.21.158', NULL),
(199, '70:71:bc:a3:0f:f0', 18, 68, '79032', 2, '132.181.20.219', NULL),
(201, '70:71:bc:a2:ac:c0', 20, 24, '79044', 10, '132.181.25.108', NULL),
(202, '00:27:0e:14:2a:a9', 16, 37, '77285', 1, '132.181.21.139', NULL),
(203, '00:27:0e:14:12:10', 16, 37, '77860', 7, '132.181.21.172', NULL),
(204, 'e0:69:95:35:3f:24', 18, 74, '82133', 1, '132.181.20.132', NULL),
(205, 'e0:cb:4e:27:77:22', 16, 86, '77224', 7, '132.181.24.218', NULL),
(212, '70:71:bc:9d:f5:48', 6, 4, '79159', 1, '132.181.25.160', NULL),
(213, 'e0:69:95:35:45:b8', 6, 4, '82100', 2, '132.181.24.196', NULL),
(214, '70:71:bc:b1:2e:89', 6, 4, '81360', 3, '132.181.25.147', NULL),
(215, 'e0:69:95:35:42:44', 6, 4, '81840', 4, '132.181.24.80', NULL),
(216, 'e0:69:95:35:3b:fa', 6, 4, '81857', 5, '132.181.24.141', NULL),
(217, 'e0:69:95:35:3f:32', 6, 4, '82142', 6, '132.181.25.144', NULL),
(218, '00:27:0e:13:df:56', 6, 4, '77058', 19, '132.181.24.99', NULL),
(219, '70:71:bc:9d:f5:3b', 6, 4, '79158', 8, '132.181.24.239', NULL),
(220, '70:71:bc:9d:f5:81', 6, 4, '79164', 9, '132.181.24.194', NULL),
(221, 'e0:69:95:35:43:18', 6, 4, '81851', 10, '132.181.24.184', NULL),
(222, '70:71:bc:9d:f5:4c', 6, 4, '79165', 11, '132.181.24.232', NULL),
(223, 'e0:69:95:35:45:57', 6, 4, '81863', 12, '132.181.24.94', NULL),
(224, 'e0:69:95:35:41:f9', 6, 4, '81887', 13, '132.181.24.128', NULL),
(225, '70:71:bc:9d:f3:5c', 6, 4, '79162', 14, '132.181.25.229', NULL),
(226, 'e0:69:95:35:44:12', 6, 4, '82168', 15, '132.181.25.223', NULL),
(227, 'e0:69:95:35:43:9d', 6, 4, '81843', 16, '132.181.25.203', NULL),
(228, 'e0:69:95:35:41:a7', 6, 4, '81883', 17, '132.181.25.143', NULL),
(229, 'e0:69:95:35:40:12', 6, 4, '82141', 18, '132.181.24.171', NULL),
(230, '70:71:bc:71:32:49', 6, 4, '79058', 7, '132.181.25.226', NULL),
(231, '00:27:0e:14:11:77', 6, 4, '77866', 20, '132.181.24.167', NULL),
(234, '70:71:bc:ad:78:50', 22, 80, '80142', 23, '132.181.24.197', NULL),
(237, '70:71:bc:ad:78:5a', 22, 80, '80146', 26, '132.181.25.228', NULL),
(238, '70:71:bc:ad:77:a5', 22, 80, '80149', 27, '132.181.25.122', NULL),
(239, '70:71:bc:ad:77:ae', 22, 80, '80139', 28, '132.181.25.123', NULL),
(242, '70:71:bc:ad:77:94', 22, 80, '80141', 31, '132.181.24.204', NULL),
(243, '70:71:bc:ad:77:83', 22, 80, '80140', 32, '132.181.24.233', NULL),
(244, 'e0:69:95:35:3e:40', 22, 80, '81880', 33, '132.181.24.164', NULL),
(245, 'e0:69:95:35:3e:a9', 22, 80, '82103', 34, '132.181.25.141', NULL),
(246, '70:71:bc:9d:f5:66', 22, 80, '79166', 35, '132.181.24.144', NULL),
(247, 'e0:69:95:24:c3:b2', 22, 80, '83062', 36, '132.181.24.103', NULL),
(248, 'e0:69:95:35:44:e9', 22, 80, '81864', 37, '132.181.24.169', NULL),
(249, 'e0:69:95:35:3e:9e', 22, 80, '81862', 38, '132.181.24.156', NULL),
(251, 'e0:69:95:35:3b:8b', 22, 80, '81869', 40, '132.181.24.104', NULL),
(252, '00:1c:c0:da:6b:6b', 15, 18, '71594', 2, '132.181.20.154', NULL),
(253, '00:1c:c0:e0:c7:ff', 19, 81, '72461', 5, '132.181.25.104', NULL),
(254, '00:27:0e:13:df:50', 5, 3, '77053', 1, '132.181.25.186', NULL),
(255, 'e0:69:95:35:44:46', 5, 3, '82138', 2, '132.181.24.192', NULL),
(256, 'e0:69:95:35:44:c0', 5, 3, '83060', 3, '132.181.25.173', NULL),
(257, '70:71:bc:9d:f5:60', 5, 3, '79157', 4, '132.181.25.221', NULL),
(258, '00:27:0e:13:dc:8d', 5, 3, '77048', 5, '132.181.25.238', NULL),
(259, '70:71:bc:71:32:58', 5, 3, '78157', 6, '132.181.25.218', NULL),
(261, '70:71:bc:82:f7:33', 5, 3, '78758', 8, '132.181.24.125', NULL),
(262, '70:71:bc:9d:f5:09', 5, 3, '78938', 9, '132.181.24.126', NULL),
(263, '70:71:bc:9d:ea:25', 5, 3, '79161', 10, '132.181.24.199', NULL),
(264, '70:71:bc:71:32:02', 5, 3, '79060', 11, '132.181.24.203', NULL),
(265, '00:27:0e:13:e9:14', 5, 3, '77054', 12, '132.181.24.172', NULL),
(266, '00:27:0e:13:e8:13', 5, 3, '77049', 13, '132.181.24.166', NULL),
(267, '00:27:0e:14:11:d9', 5, 3, '77867', 14, '132.181.24.155', NULL),
(268, '70:71:bc:71:32:50', 5, 3, '78158', 15, '132.181.24.207', NULL),
(270, '00:27:0e:13:df:5b', 5, 3, '77059', 17, '132.181.24.206', NULL),
(271, 'e0:69:95:35:45:36', 5, 3, '81855', 18, '132.181.24.219', NULL),
(272, 'e0:69:95:35:42:18', 5, 3, '81875', 19, '132.181.24.84', NULL),
(273, 'e0:69:95:35:42:0e', 5, 3, '81861', 20, '132.181.25.156', NULL),
(274, '70:71:bc:b1:31:37', 16, 37, '81125', 6, '132.181.20.152', NULL),
(275, 'e0:cb:4e:27:7c:a9', 7, 5, '77779', 20, '132.181.24.237', NULL),
(278, '00:1c:c0:fb:df:c5', 24, 22, '73302', 2, '132.181.20.202', NULL),
(279, '70:71:bc:a3:0c:a4', 16, 85, '79035', 3, '132.181.24.137', NULL),
(280, 'e0:69:95:35:41:f8', 7, 5, '81888', 9, '132.181.25.170', NULL),
(281, '00:1c:c0:da:6B:54', 5, 3, '71624', 7, '132.181.25.158', NULL),
(282, '70:71:bc:63:c6:06', 15, 18, '81318', 1, '132.181.21.150', NULL),
(283, '00:27:0e:09:7d:a1', 9, 18, '75538', 2, '132.181.21.115', NULL),
(284, 'e0:69:95:35:44:1A', 21, 6, '82135', 1, '132.181.24.113', NULL),
(285, 'e0:69:95:35:42:ad', 21, 6, '82164', 2, '132.181.24.158', NULL),
(286, 'e0:69:95:35:40:83', 21, 6, '82147', 3, '132.181.24.92', NULL),
(287, 'e0:69:95:35:45:74', 21, 6, '82151', 4, '132.181.25.174', NULL),
(288, 'e0:69:95:35:45:fd', 21, 6, '82150', 5, '132.181.25.107', NULL),
(290, 'e0:69:95:35:3d:a7', 21, 6, '82144', 7, '132.181.25.148', NULL),
(291, 'e0:69:95:35:42:c2', 21, 6, '81847', 8, '132.181.25.105', NULL),
(292, 'e0:69:95:35:42:06', 21, 6, '81877', 9, '132.181.24.183', NULL),
(293, 'e0:69:95:35:45:dc', 21, 6, '82152', 10, '132.181.25.103', NULL),
(294, 'e0:69:95:35:44:8b', 21, 6, '82139', 11, '132.181.25.99', NULL),
(295, '70:71:bc:63:c9:86', 21, 6, '82158', 12, '132.181.24.98', NULL),
(296, 'e0:69:95:35:43:20', 21, 6, '81846', 13, '132.181.24.87', NULL),
(297, 'e0:69:95:35:40:62', 21, 6, '82165', 14, '132.181.24.106', NULL),
(298, 'e0:69:95:35:3f:bb', 21, 6, '81876', 15, '132.181.25.149', NULL),
(299, '70:71:bc:71:32:8f', 8, 6, '78164', 16, '132.181.24.130', NULL),
(300, 'e0:69:95:35:41:d6', 8, 6, '81871', 17, '132.181.25.167', NULL),
(301, 'e0:69:95:35:43:d4', 8, 6, '82156', 18, '132.181.25.233', NULL),
(302, 'e0:69:95:35:43:fa', 8, 6, '82154', 19, '132.181.24.235', NULL),
(303, 'e0:69:95:35:3f:f6', 8, 6, '82134', 20, '132.181.24.220', NULL),
(304, 'e0:69:95:35:42:36', 8, 6, '82155', 21, '132.181.24.215', NULL),
(305, 'e0:69:95:35:3e:63', 8, 6, '82102', 22, '132.181.24.86', NULL),
(306, 'e0:69:95:35:3e:5b', 8, 6, '81852', 23, '132.181.25.93', NULL),
(307, 'e0:69:95:35:45:50', 8, 6, '82153', 24, '132.181.25.192', NULL),
(308, 'e0:69:95:35:43:f7', 8, 6, '82163', 25, '132.181.25.212', NULL),
(309, 'e0:69:95:35:46:33', 8, 6, '82108', 26, '132.181.25.161', NULL),
(310, 'e0:69:95:35:44:3b', 8, 6, '81865', 27, '132.181.25.209', NULL),
(311, '70:71:bc:b1:29:29', 8, 6, '81137', 28, '132.181.25.140', NULL),
(312, '70:71:bc:9d:f1:d7', 8, 6, '78775', 29, '132.181.25.142', NULL),
(313, 'e0:69:95:35:45:68', 8, 6, '81854', 30, '132.181.24.124', NULL),
(314, 'e0:69:95:35:45:f2', 7, 5, '82099', 4, '132.181.24.173', NULL),
(315, 'e0:cb:4e:27:7c:5f', 7, 5, '77225', 1, '132.181.24.179', NULL),
(316, 'e0:69:95:35:3d:76', 7, 5, '81849', 2, '132.181.24.146', NULL),
(317, 'e0:69:95:35:45:b9', 7, 5, '82149', 3, '132.181.25.224', NULL),
(318, 'e0:69:95:35:44:3c', 7, 5, '82146', 5, '132.181.24.190', NULL),
(319, '00:19:d1:ad:83:56', 9, 9, '61427', 1, '132.181.20.212', NULL),
(320, '70:71:bc:a2:b1:1a', 9, 9, '79046', 1, '132.181.21.136', NULL),
(321, '70:71:bc:a3:12:0b', 9, 8, '79023', 1, '132.181.20.149', NULL),
(323, '00:27:0e:09:7e:71', 7, 5, '75543', 7, '132.181.25.120', NULL),
(324, 'e0:69:95:35:3e:cb', 7, 5, '81859', 8, '132.181.25.179', NULL),
(325, 'e0:69:95:35:44:27', 7, 5, '82137', 10, '132.181.25.159', NULL),
(326, 'e0:69:95:35:3d:fd', 7, 5, '81866', 11, '132.181.24.195', NULL),
(327, 'e0:69:95:35:44:2b', 7, 5, '82131', 12, '132.181.25.189', NULL),
(328, '70:71:bc:9d:f1:ff', 7, 5, '78770', 13, '132.181.24.89', NULL),
(329, '70:71:bc:71:32:95', 7, 5, '78167', 14, '132.181.24.138', NULL),
(330, '70:71:bc:9d:ea:b7', 7, 5, '78774', 15, '132.181.25.150', NULL),
(331, '00:27:0e:13:ee:f4', 7, 5, '76557', 16, '132.181.24.122', NULL),
(332, 'e0:69:95:35:45:d8', 7, 5, '82161', 17, '132.181.24.97', NULL),
(333, 'e0:69:95:35:44:08', 7, 5, '82167', 18, '132.181.24.216', NULL),
(334, 'e0:69:95:35:3a:e5', 7, 5, '81882', 19, '132.181.25.198', NULL),
(335, '00:1c:c0:f0:19:b6', 16, 37, '73904', 4, '132.181.20.194', NULL),
(336, '00:1c:c0:f0:19:ea', 16, 37, '73061', 2, '132.181.20.125', NULL),
(337, '00:1c:c0:fb:d7:4d', 16, 37, '73449', 8, '132.181.21.208', NULL),
(338, '00:1c:c0:fc:23:d5', 16, 37, '73292', 3, '132.181.20.216', NULL),
(339, '00:27:0e:01:86:ca', 16, 37, '73597', 5, '132.181.20.229', NULL),
(340, '70:71:bc:a3:0c:71', 18, 66, '79030', 1, '132.181.20.178', NULL),
(341, '00:1c:c0:da:6c:95', 5, 3, '71619', 16, '132.181.24.231', NULL),
(342, '00:1c:c0:9c:36:3c', 20, 24, '70708', 1, '132.181.25.88', NULL),
(343, '00:1c:c0:f0:19:e4', 20, 24, '73124', 2, '132.181.25.230', NULL),
(344, '00:1c:c0:06:43:f7', 20, 24, '61724', 3, '132.181.25.199', NULL),
(346, '00:1c:c0:fb:e0:22', 20, 24, '73892', 5, '132.181.25.97', NULL),
(347, 'e0:cb:4e:27:7c:bc', 20, 24, '77282', 6, '132.181.25.94', NULL),
(348, '00:1c:c0:da:6b:7e', 20, 24, '71593', 7, '132.181.25.157', NULL),
(349, '00:1c:c0:9c:f1:ce', 20, 24, '70894', 8, '132.181.25.234', NULL),
(351, '00:1c:c0:e0:c8:0f', 20, 24, '72464', 10, '132.181.24.184', NULL),
(352, '00:1c:c0:f0:0c:93', 20, 24, '73901', 11, '132.181.25.136', NULL),
(353, '00:1c:c0:e0:c6:5d', 20, 24, '72203', 10, '132.181.25.89', NULL),
(354, '00:19:d1:9f:6c:d2', 20, 24, '66495', 13, '132.181.24.165', NULL),
(355, '00:27:0e:23:59:48', 20, 24, '76554', 14, '132.181.24.142', NULL),
(356, '00:1c:c0:f0:19:3d', 20, 24, '73907', 15, '132.181.24.136', NULL),
(357, '00:27:0e:01:86:99', 20, 24, '73598', 16, '132.181.24.227', NULL),
(358, '00:1c:c0:e6:65:7a', 20, 24, '72199', 17, '132.181.25.131', NULL),
(359, '00:1c:c0:e2:86:56', 20, 24, '72675', 18, '132.181.24.96', NULL),
(360, '00:1c:c0:da:6c:61', 20, 24, '71621', 19, '132.181.24.189', NULL),
(361, '70:71:bc:a2:b1:16', 20, 24, '79047', 20, '132.181.25.176', NULL),
(362, '70:71:bc:ad:77:29', 16, 85, '80131', 8, '132.181.24.223', NULL),
(364, '70:71:bc:ad:77:9e', 16, 86, '80132', 6, '132.181.25.145', NULL),
(365, '70:71:bc:ad:78:34', 16, 85, '80133', 5, '132.181.25.214', NULL),
(366, '00:1c:c0:d6:4c:e6', 16, 85, '71612', 1, '132.181.24.123', NULL),
(367, '00:1c:c0:c2:a9:6b', 16, 37, '72373', 11, '132.181.20.103', NULL),
(368, '00:1c:c0:3c:b4:35', 16, 38, '64397', 4, '132.181.21.143', NULL),
(369, '00:27:0e:23:5a:ba', 10, 39, '76355', 3, '132.181.20.153', NULL),
(370, '00:1c:c0:77:4f:c7', 10, 39, '66996', 1, '132.181.20.123', NULL),
(371, '70:71:bc:a3:12:1e', 16, 37, '79025', 10, '132.181.21.217', NULL),
(372, '00:27:0e:23:59.c7', 16, 85, '76366', 4, NULL, NULL),
(373, '00:27:0e:23:5a:51', 16, 85, '76360', 2, '132.181.25.119', NULL),
(374, '00:27:0e:23:59:c7', 16, 85, '76366', 4, '132.181.24.117', NULL),
(375, '70:71:bc:ad:78:76', 16, 85, '80138', 7, '132.181.25.228', NULL),
(376, '00:27:0e:01:86:54', 16, 86, '73909', 2, '132.181.25.154', NULL),
(377, '70:71:bc:a2:b1:20', 16, 86, '79041', 3, '132.181.25.220', NULL),
(378, '70:71:bc:a3:10:e4', 16, 86, '79040', 4, '132.181.25.221', NULL),
(379, '00:1C:c0:f0:C1:12', 22, 80, '72823', 30, '132.181.25.206', NULL),
(381, '00:27:0e:1d:9b:f5', 18, 30, '75632', 1, NULL, NULL),
(382, '70:71:bc:a2:b1:01', 22, 80, '79049', 24, '132.181.25.208', NULL),
(383, '00:1c:c0:e0:c6:74', 19, 27, '72698', 2, '132.181.25.178', NULL),
(384, '70:71:bc:a3:12:2a', 9, 12, '79022', 4, '132.181.20.190', NULL),
(385, 'ec:a8:6b:f8:ac:4c', 9, 12, '90986', 5, '132.181.20.105', NULL),
(386, '00:27:0e:23:5a:71', 18, 54, '76342', 1, '132.181.20.229', NULL),
(387, '70:71:bc:a2:ac:a4', 22, 80, '79042', 29, '132.181.24.118', NULL),
(388, '00:1c:c0:f0:18:be', 16, 87, '73130', 2, '132.181.21.114', NULL),
(389, '00:1c:c0:da:6b:65', 16, 87, '71596', 3, '132.181.21.209', NULL),
(390, '00:1c:c0:f0:19:f1', 16, 87, '73146', 4, '132.181.21.236', NULL),
(391, '70:71:bc:9e:18:e9', 20, 24, '78985', 9, '132.181.24.182', NULL),
(392, '70:71:bc:71:35:f4', 16, 87, '78419', 6, '132.181.20.136', NULL),
(393, '70:71:bc:a3:0f:b4', 16, 87, '79033', 7, '132.181.21.144', NULL),
(394, '70:71:bc:9e:18:2b', 16, 87, '78984', 8, '132.181.20.116', NULL),
(395, 'e0:cb:4e:27:7c:df', 16, 85, '77280', 9, '132.181.20.236', NULL),
(396, '70:71:bc:a3:0d:b2', 16, 85, '79038', 10, '132.181.21.159', NULL),
(397, '70:71:bc:a3:12:04', 16, 38, '79029', 10, '132.181.20.133', NULL),
(398, '00:27:0e:23:5a:3c', 16, 38, '76551', 11, '132.181.21.156', NULL),
(399, '00:1c:c0:8d:79:c5', 18, 44, '76551', 10, '132.181.20.115', NULL),
(400, '70:71:bc:a3:0f:c7', 18, 44, '79036', 11, '132.181.20.157', NULL),
(401, '00:19:d1:9f:8f:d2', 18, 44, '61402', 3, '132.181.21.119', NULL),
(402, '70:71:bc:a2:af:7e', 16, 37, '79045', 12, '132.181.20.119', NULL),
(404, '00:27:0e:23:5a:d3', 24, 20, '76351', 1, '132.181.21.232', NULL),
(405, '8c:dc:d4:56:62:7f', 9, 19, 'AUD52004L3', 1, '132.181.20.179', NULL),
(406, 'e0:69:95:35:3e:5f', 22, 80, '83100', 22, '132.181.25.175', NULL),
(407, '00:1c:c0:e9:aa:60', 15, 22, '76347', 3, '132.181.20.204', NULL),
(408, 'e0:cb:4e:27:7d:c8', 21, 6, '77222', 6, '132.181.25.134', NULL),
(409, '08:2e:5f:2e:b4:27', 15, 13, 'SGH209PFQX', 2, '132.181.20.166', NULL),
(410, '00:27:0e:23:58:db', 7, 5, '76346', 6, '132.181.24.109', NULL),
(411, 'a0:d3:c1:33:a1:2c', 9, 7, 'AUD4230R8B', 1, '132.181.20.105', NULL),
(412, '40:a8:f0:40:0c:a4', 18, 26, 'AUD4230R8H', 2, '132.181.21.131', NULL),
(413, '00:1c:c0:ea:e8:84', 18, 11, '72703', 3, '132.181.20.171', NULL),
(414, 'ec:b1:d7:2e:45:4b', 11, 43, 'c037eo', 2, '132.181.20.203', NULL),
(415, '00:1c:c0:e9:aa:66', 11, 43, 'cantremember', 2, '132.181.21.140', NULL),
(416, 'ec:b1:d7:49:ea:62', 10, 50, 'c012io', 2, '132.181.21.128', NULL),
(418, '00:1c:c0:3c:b4:e3', 18, 59, '00:1c:c0:3c:b4:e3', 3, '132.181.20.228', NULL),
(419, 'a0:d3:c1:30:e5:b1', 23, 4, 'AUD4230R8J', 41, '132.181.21.230', NULL),
(420, '00:22:4d:7a:aa:6a', 19, 81, '87422', 11, '132.181.24.139', NULL),
(422, '00:27:0e:23:5a:c2', 22, 80, '76352', 21, '132.181.24.134', NULL);

-- --------------------------------------------------------

--
-- Table structure for table `front_cluster`
--

DROP TABLE IF EXISTS `front_cluster`;
CREATE TABLE IF NOT EXISTS `front_cluster` (
  `cluster_id` int(11) unsigned NOT NULL AUTO_INCREMENT,
  `cluster_name` varchar(128) DEFAULT NULL,
  `cluster_description` varchar(255) DEFAULT NULL,
  `connection_type_id` int(10) unsigned NOT NULL,
  `account_series_id` int(11) unsigned DEFAULT NULL,
  `cluster_domain` varchar(128) NOT NULL DEFAULT '',
  PRIMARY KEY (`cluster_id`)
) ENGINE=InnoDB  DEFAULT CHARSET=latin1 AUTO_INCREMENT=27 ;

--
-- Dumping data for table `front_cluster`
--

INSERT INTO `front_cluster` (`cluster_id`, `cluster_name`, `cluster_description`, `connection_type_id`, `account_series_id`, `cluster_domain`) VALUES
(1, 'Research', 'Math Dept Research Machines', 4, NULL, 'UOCNT'),
(2, 'UC-Learn', 'Skills testing autologin', 5, 1, ''),
(3, 'Labs', 'Math Dept student undergrad labs', 4, NULL, 'UOCNT'),
(4, 'MapleTA', 'MapleTA Online Test', 5, 3, ''),
(5, 'STAT101-Test', 'STAT101 Online Test', 5, 1, ''),
(6, 'STAT101-2K8', 'STAT101 Online Test', 5, 1, ''),
(7, 'EMTH271-Test', 'EMTH271 Matlab Assisted Test', 5, 5, ''),
(8, 'EMTH171-A', 'EMTH171 Test Part A', 5, 4, ''),
(9, 'EMTH171-B', 'EMTH171 Test Part B', 5, 6, ''),
(10, 'EMTH171-B2', 'EMTH171 Test Part B - 2', 5, 6, ''),
(11, 'STAT101-2K8-Dis', 'STAT101 Online Test - Disability Interface', 5, 2, ''),
(12, 'ENCH391-Exam', 'ENCH391 Exam', 5, 5, 'UOCNT'),
(13, 'CMDS281-Exam', 'CMDS281/664 Exam', 5, 5, ''),
(14, 'LAWS370-Exam', 'LAWS370 Exam', 5, 5, 'UOCNT'),
(15, 'ENCH298-Test', 'ENCH298 Matlab Assisted Test', 5, 5, 'UOCNT'),
(16, 'Coderunner', 'EMTH171 Coderunner Test', 5, 6, 'UOCNT'),
(17, 'LAWS338-Exam', 'LAWS338 Exam', 5, 5, 'UOCNT'),
(18, 'MATH363-Test', 'MATH363 Matlab Assisted Test', 5, 5, 'UOCNT'),
(19, 'CMDS657-Exam', 'CMDS657 Exam', 5, 5, 'UOCNT'),
(20, 'LAWS371-Exam', 'LAWS371 Exam', 5, 5, 'UOCNT'),
(21, 'ARTH329-Exam', 'ARTH329 Exam', 5, 6, 'UOCNT'),
(22, 'MATH110-TestA', 'MATH110 Test A', 5, 1, 'UOCNT'),
(23, 'MATH110-Test', 'MATH110 Test', 5, 1, 'UOCNT'),
(24, 'LAWS356-Exam', 'LAWS356 Exam', 5, 5, 'UOCNT'),
(25, 'INFO263-Exam', 'INFO263 Exam', 5, 3, 'UOCNT'),
(26, 'MATH110-Exam', 'MATH110 Exam', 5, 1, 'UOCNT');

-- --------------------------------------------------------

--
-- Table structure for table `front_daily`
--

DROP TABLE IF EXISTS `front_daily`;
CREATE TABLE IF NOT EXISTS `front_daily` (
  `daily_id` int(11) NOT NULL AUTO_INCREMENT,
  `event_id` int(11) unsigned DEFAULT NULL,
  `group_id` int(11) unsigned DEFAULT NULL,
  `day_of_week` int(11) unsigned DEFAULT NULL,
  `start_time` time DEFAULT NULL,
  PRIMARY KEY (`daily_id`),
  KEY `group_id_idx` (`group_id`),
  KEY `event_fk_idx` (`event_id`),
  KEY `dow_fk_idx` (`day_of_week`)
) ENGINE=InnoDB  DEFAULT CHARSET=latin1 AUTO_INCREMENT=732 ;

--
-- Dumping data for table `front_daily`
--

INSERT INTO `front_daily` (`daily_id`, `event_id`, `group_id`, `day_of_week`, `start_time`) VALUES
(1, 1, 5, 1, '11:00:00'),
(2, 1, 5, 1, '14:00:00'),
(3, 1, 5, 1, '17:00:00'),
(4, 1, 7, 1, '11:00:00'),
(5, 1, 7, 1, '14:00:00'),
(6, 1, 7, 1, '17:00:00'),
(7, 1, 6, 1, '17:00:00'),
(8, 1, 16, 2, '08:00:00'),
(9, 1, 5, 2, '11:00:00'),
(10, 1, 5, 2, '14:00:00'),
(11, 1, 5, 2, '17:00:00'),
(12, 1, 7, 2, '08:00:00'),
(13, 1, 7, 2, '11:00:00'),
(14, 1, 7, 2, '14:00:00'),
(15, 1, 7, 2, '17:00:00'),
(16, 1, 6, 2, '17:00:00'),
(17, 1, 5, 3, '08:00:00'),
(18, 1, 5, 3, '11:00:00'),
(19, 1, 5, 3, '14:00:00'),
(20, 1, 5, 3, '17:00:00'),
(21, 1, 7, 3, '08:00:00'),
(22, 1, 7, 3, '11:00:00'),
(23, 1, 7, 3, '14:00:00'),
(24, 1, 7, 3, '17:00:00'),
(25, 1, 6, 3, '17:00:00'),
(26, 1, 5, 4, '08:00:00'),
(27, 1, 5, 4, '11:00:00'),
(28, 1, 5, 4, '14:00:00'),
(29, 1, 5, 4, '17:00:00'),
(30, 1, 7, 4, '08:00:00'),
(31, 1, 7, 4, '14:00:00'),
(32, 1, 7, 4, '17:00:00'),
(33, 1, 5, 5, '08:00:00'),
(34, 1, 5, 5, '11:00:00'),
(35, 1, 5, 5, '14:00:00'),
(36, 1, 7, 5, '08:00:00'),
(37, 1, 7, 5, '11:00:00'),
(38, 1, 7, 5, '14:00:00'),
(39, 2, 19, 3, '08:39:00'),
(40, 2, 19, 3, '09:15:00'),
(41, 3, 6, 3, '10:00:00'),
(42, 3, 6, 4, '10:00:00'),
(43, 4, 6, 4, '11:00:00'),
(44, 4, 6, 3, '11:00:00'),
(45, 5, 6, 4, '14:00:00'),
(46, 5, 6, 3, '14:00:00'),
(47, 6, 8, 1, '16:00:00'),
(48, 6, 8, 2, '16:00:00'),
(49, 6, 8, 3, '16:00:00'),
(50, 7, 6, 3, '11:00:00'),
(51, 8, 6, 4, '10:00:00'),
(52, 6, 21, 1, '16:00:00'),
(53, 6, 21, 2, '16:00:00'),
(54, 6, 21, 3, '16:00:00'),
(55, 9, 8, 4, '18:00:00'),
(56, 9, 21, 4, '18:00:00'),
(57, 10, 5, 1, '11:00:00'),
(58, 10, 5, 1, '14:00:00'),
(59, 12, 5, 1, '17:00:00'),
(60, 10, 7, 1, '11:00:00'),
(61, 10, 7, 1, '14:00:00'),
(62, 12, 7, 1, '17:00:00'),
(63, 12, 6, 1, '17:00:00'),
(64, 10, 5, 2, '08:00:00'),
(65, 10, 5, 2, '11:00:00'),
(66, 10, 5, 2, '14:00:00'),
(67, 12, 5, 2, '17:00:00'),
(68, 10, 7, 2, '08:00:00'),
(69, 10, 7, 2, '11:00:00'),
(70, 10, 7, 2, '14:00:00'),
(71, 12, 7, 2, '17:00:00'),
(72, 12, 6, 2, '17:00:00'),
(73, 10, 5, 3, '08:00:00'),
(74, 10, 5, 3, '11:00:00'),
(75, 10, 5, 3, '14:00:00'),
(76, 12, 5, 3, '17:00:00'),
(77, 10, 7, 3, '08:00:00'),
(78, 10, 7, 3, '11:00:00'),
(79, 10, 7, 3, '14:00:00'),
(80, 12, 7, 3, '17:00:00'),
(81, 12, 6, 3, '17:00:00'),
(82, 10, 5, 4, '08:00:00'),
(83, 10, 5, 4, '11:00:00'),
(84, 10, 5, 4, '14:00:00'),
(85, 12, 5, 4, '17:00:00'),
(86, 10, 7, 4, '08:00:00'),
(87, 10, 7, 4, '14:00:00'),
(88, 12, 7, 4, '17:00:00'),
(89, 10, 5, 5, '08:00:00'),
(90, 10, 5, 5, '11:00:00'),
(91, 10, 5, 5, '14:00:00'),
(92, 10, 7, 5, '08:00:00'),
(93, 10, 7, 5, '11:00:00'),
(94, 10, 7, 5, '14:00:00'),
(95, 14, 7, 4, '11:30:00'),
(96, 15, 8, 5, '16:00:00'),
(97, 15, 21, 5, '16:00:00'),
(98, 16, 19, 5, '14:30:00'),
(99, 17, 6, 3, '17:30:00'),
(100, 18, 7, 1, '16:00:00'),
(101, 19, 8, 1, '16:00:00'),
(102, 19, 21, 1, '16:00:00'),
(103, 20, 6, 2, '11:00:00'),
(104, 21, 5, 1, '09:30:00'),
(105, 21, 6, 1, '09:30:00'),
(106, 21, 22, 1, '09:30:00'),
(107, 21, 7, 1, '09:30:00'),
(108, 22, 5, 3, '13:00:00'),
(109, 22, 6, 3, '13:00:00'),
(110, 22, 22, 3, '13:00:00'),
(111, 23, 6, 1, '09:00:00'),
(112, 23, 22, 1, '09:00:00'),
(113, 23, 5, 1, '15:00:00'),
(114, 24, 5, 4, '09:00:00'),
(115, 24, 5, 4, '10:00:00'),
(116, 24, 5, 4, '11:00:00'),
(117, 24, 5, 4, '12:00:00'),
(118, 24, 5, 5, '09:00:00'),
(119, 24, 5, 5, '10:00:00'),
(120, 24, 5, 5, '11:00:00'),
(121, 24, 5, 5, '13:00:00'),
(122, 24, 7, 4, '09:00:00'),
(123, 24, 7, 4, '10:00:00'),
(124, 24, 7, 4, '11:00:00'),
(125, 24, 7, 4, '12:00:00'),
(126, 24, 7, 4, '13:00:00'),
(127, 24, 7, 4, '14:00:00'),
(128, 24, 7, 4, '15:00:00'),
(129, 24, 7, 5, '09:00:00'),
(130, 24, 7, 5, '10:00:00'),
(131, 24, 7, 5, '11:00:00'),
(132, 24, 7, 5, '12:00:00'),
(133, 24, 7, 5, '13:00:00'),
(134, 24, 7, 5, '14:00:00'),
(135, 24, 6, 5, '12:00:00'),
(136, 24, 22, 5, '12:00:00'),
(141, 25, 6, 5, '13:00:00'),
(142, 25, 22, 5, '13:00:00'),
(143, 26, 6, 3, '13:30:00'),
(144, 26, 22, 3, '13:30:00'),
(145, 27, 6, 4, '13:30:00'),
(146, 27, 22, 4, '13:30:00'),
(147, 28, 6, 1, '16:00:00'),
(148, 28, 6, 2, '16:00:00'),
(149, 28, 22, 1, '16:00:00'),
(150, 28, 22, 2, '16:00:00'),
(151, 28, 6, 3, '16:00:00'),
(152, 28, 22, 3, '16:00:00'),
(153, 29, 6, 3, '10:00:00'),
(154, 29, 22, 3, '10:00:00'),
(155, 30, 6, 4, '10:00:00'),
(156, 30, 22, 4, '10:00:00'),
(157, 31, 6, 2, '07:30:00'),
(158, 31, 22, 2, '07:30:00'),
(159, 32, 5, 2, '11:30:00'),
(160, 33, 6, 4, '12:00:00'),
(161, 33, 22, 4, '12:00:00'),
(162, 34, 5, 4, '14:00:00'),
(163, 34, 6, 4, '14:00:00'),
(164, 34, 22, 4, '14:00:00'),
(165, 34, 7, 4, '14:00:00'),
(166, 34, 16, 4, '14:00:00'),
(168, 35, 5, 1, '11:00:00'),
(169, 35, 7, 1, '11:00:00'),
(170, 35, 5, 1, '14:00:00'),
(171, 35, 7, 1, '14:00:00'),
(172, 35, 5, 1, '17:00:00'),
(173, 35, 7, 1, '17:00:00'),
(174, 35, 5, 2, '08:00:00'),
(175, 35, 7, 2, '08:00:00'),
(176, 35, 5, 2, '11:00:00'),
(177, 35, 7, 2, '11:00:00'),
(178, 35, 5, 2, '14:00:00'),
(179, 35, 7, 2, '14:00:00'),
(180, 35, 5, 2, '17:00:00'),
(181, 35, 7, 2, '17:00:00'),
(182, 35, 6, 2, '17:00:00'),
(183, 35, 22, 2, '17:00:00'),
(184, 35, 5, 3, '08:00:00'),
(185, 35, 7, 3, '08:00:00'),
(186, 35, 5, 3, '11:00:00'),
(187, 35, 7, 3, '11:00:00'),
(188, 35, 5, 3, '14:00:00'),
(189, 35, 7, 3, '14:00:00'),
(190, 35, 5, 3, '17:00:00'),
(191, 35, 6, 3, '17:00:00'),
(192, 35, 7, 3, '17:00:00'),
(193, 35, 22, 3, '17:00:00'),
(194, 35, 5, 4, '08:00:00'),
(195, 35, 7, 4, '08:00:00'),
(198, 35, 5, 4, '11:00:00'),
(199, 35, 7, 4, '11:00:00'),
(200, 35, 5, 4, '14:00:00'),
(202, 35, 7, 4, '14:00:00'),
(203, 35, 5, 4, '17:00:00'),
(204, 35, 6, 4, '17:00:00'),
(205, 35, 7, 4, '17:00:00'),
(206, 35, 22, 4, '17:00:00'),
(207, 35, 5, 5, '08:00:00'),
(208, 35, 6, 5, '08:00:00'),
(209, 35, 7, 5, '08:00:00'),
(210, 35, 22, 5, '08:00:00'),
(211, 35, 5, 5, '11:00:00'),
(212, 35, 7, 5, '11:00:00'),
(213, 35, 5, 5, '14:00:00'),
(214, 35, 6, 5, '14:00:00'),
(215, 35, 7, 5, '14:00:00'),
(216, 35, 22, 5, '14:00:00'),
(217, 36, 6, 3, '10:00:00'),
(218, 36, 6, 4, '10:00:00'),
(219, 37, 6, 3, '13:00:00'),
(220, 37, 6, 4, '13:00:00'),
(221, 36, 22, 3, '10:00:00'),
(222, 36, 22, 4, '10:00:00'),
(223, 37, 22, 3, '13:00:00'),
(224, 37, 22, 4, '13:00:00'),
(225, 38, 6, 3, '08:00:00'),
(226, 39, 6, 3, '10:00:00'),
(227, 39, 22, 3, '10:00:00'),
(228, 40, 6, 4, '10:00:00'),
(229, 40, 22, 4, '10:00:00'),
(230, 41, 8, 2, '11:30:00'),
(231, 41, 21, 2, '11:30:00'),
(232, 42, 5, 1, '11:00:00'),
(233, 42, 7, 1, '11:00:00'),
(234, 42, 5, 1, '14:00:00'),
(235, 42, 7, 1, '14:00:00'),
(236, 42, 5, 1, '17:00:00'),
(237, 42, 7, 1, '17:00:00'),
(238, 42, 5, 2, '08:00:00'),
(239, 42, 7, 2, '08:00:00'),
(240, 42, 5, 2, '11:00:00'),
(241, 42, 7, 2, '11:00:00'),
(242, 42, 5, 2, '14:00:00'),
(243, 42, 7, 2, '14:00:00'),
(244, 42, 5, 3, '08:00:00'),
(245, 42, 7, 3, '08:00:00'),
(246, 42, 5, 3, '11:00:00'),
(247, 42, 7, 3, '11:00:00'),
(248, 42, 5, 3, '14:00:00'),
(249, 42, 7, 3, '14:00:00'),
(250, 42, 5, 4, '08:00:00'),
(251, 42, 7, 4, '08:00:00'),
(252, 42, 5, 4, '11:00:00'),
(253, 42, 7, 4, '11:00:00'),
(254, 42, 5, 4, '14:00:00'),
(255, 42, 7, 4, '14:00:00'),
(256, 42, 5, 5, '08:00:00'),
(257, 42, 7, 5, '08:00:00'),
(258, 42, 6, 5, '08:00:00'),
(259, 42, 22, 5, '08:00:00'),
(260, 42, 5, 5, '11:00:00'),
(261, 42, 7, 5, '11:00:00'),
(262, 43, 5, 2, '17:00:00'),
(263, 43, 6, 2, '17:00:00'),
(264, 43, 7, 2, '17:00:00'),
(265, 43, 22, 2, '17:00:00'),
(266, 43, 5, 3, '17:00:00'),
(267, 43, 6, 3, '17:00:00'),
(268, 43, 7, 3, '17:00:00'),
(269, 43, 22, 3, '17:00:00'),
(270, 43, 5, 4, '17:00:00'),
(271, 43, 6, 4, '17:00:00'),
(272, 43, 7, 4, '17:00:00'),
(273, 43, 22, 4, '17:00:00'),
(274, 43, 5, 5, '14:00:00'),
(275, 43, 6, 5, '14:00:00'),
(276, 43, 7, 5, '14:00:00'),
(277, 43, 22, 5, '14:00:00'),
(278, 44, 6, 4, '18:00:00'),
(279, 44, 22, 4, '18:00:00'),
(280, 45, 8, 3, '15:15:00'),
(281, 45, 21, 3, '15:15:00'),
(282, 46, 8, 3, '02:30:00'),
(283, 46, 21, 3, '02:30:00'),
(284, 47, 5, 2, '09:30:00'),
(285, 47, 6, 2, '09:30:00'),
(286, 47, 7, 2, '09:30:00'),
(287, 47, 8, 2, '09:30:00'),
(288, 47, 21, 2, '09:30:00'),
(289, 47, 22, 2, '09:30:00'),
(290, 48, 5, 3, '12:00:00'),
(291, 48, 6, 3, '12:00:00'),
(292, 48, 22, 3, '12:00:00'),
(293, 49, 5, 5, '12:00:00'),
(294, 49, 6, 5, '12:00:00'),
(295, 49, 22, 5, '12:00:00'),
(296, 52, 6, 2, '15:15:00'),
(297, 52, 22, 2, '15:15:00'),
(298, 51, 5, 3, '12:00:00'),
(299, 53, 6, 2, '14:30:00'),
(300, 53, 22, 2, '14:30:00'),
(301, 54, 5, 4, '09:00:00'),
(302, 54, 5, 4, '10:00:00'),
(303, 54, 5, 4, '11:00:00'),
(304, 54, 5, 4, '12:00:00'),
(305, 54, 7, 4, '09:00:00'),
(306, 54, 7, 4, '10:00:00'),
(307, 54, 7, 4, '11:00:00'),
(308, 54, 7, 4, '12:00:00'),
(309, 54, 7, 4, '16:00:00'),
(310, 54, 5, 5, '08:00:00'),
(311, 54, 5, 5, '09:00:00'),
(312, 54, 5, 5, '10:00:00'),
(313, 54, 5, 5, '11:00:00'),
(314, 54, 5, 5, '12:00:00'),
(315, 54, 5, 5, '13:00:00'),
(316, 54, 7, 5, '08:00:00'),
(317, 54, 7, 5, '09:00:00'),
(318, 54, 7, 5, '10:00:00'),
(319, 54, 7, 5, '11:00:00'),
(320, 54, 7, 5, '12:00:00'),
(321, 54, 7, 5, '13:00:00'),
(324, 55, 6, 3, '14:00:00'),
(325, 55, 6, 4, '14:00:00'),
(326, 55, 22, 3, '14:00:00'),
(327, 55, 22, 4, '14:00:00'),
(328, 56, 6, 5, '10:00:00'),
(329, 56, 22, 5, '10:00:00'),
(330, 57, 6, 3, '10:00:00'),
(331, 57, 22, 3, '10:00:00'),
(332, 58, 6, 4, '10:00:00'),
(333, 58, 22, 4, '10:00:00'),
(334, 59, 6, 4, '10:00:00'),
(335, 59, 22, 4, '10:00:00'),
(337, 60, 6, 2, '16:00:00'),
(338, 60, 22, 2, '16:00:00'),
(339, 61, 6, 3, '15:15:00'),
(340, 61, 22, 3, '15:15:00'),
(341, 62, 6, 4, '15:15:00'),
(342, 62, 22, 4, '15:15:00'),
(343, 63, 8, 1, '07:30:00'),
(344, 63, 21, 1, '07:30:00'),
(345, 64, 8, 4, '09:00:00'),
(346, 64, 21, 4, '09:00:00'),
(347, 64, 5, 3, '17:00:00'),
(348, 65, 8, 1, '16:00:00'),
(349, 65, 21, 1, '16:00:00'),
(350, 66, 5, 4, '13:00:00'),
(351, 66, 8, 5, '15:00:00'),
(353, 66, 21, 5, '15:00:00'),
(355, 67, 5, 2, '16:00:00'),
(356, 67, 6, 2, '16:00:00'),
(357, 67, 22, 2, '16:00:00'),
(358, 67, 7, 2, '16:00:00'),
(359, 67, 8, 2, '16:00:00'),
(360, 67, 21, 2, '16:00:00'),
(361, 68, 8, 1, '08:30:00'),
(362, 68, 21, 1, '08:30:00'),
(363, 69, 8, 1, '08:00:00'),
(364, 69, 21, 1, '08:00:00'),
(365, 70, 5, 5, '09:00:00'),
(366, 70, 6, 5, '09:00:00'),
(367, 70, 22, 5, '09:00:00'),
(368, 65, 8, 1, '12:00:00'),
(369, 65, 21, 1, '12:00:00'),
(370, 71, 20, 4, '12:00:00'),
(371, 71, 20, 4, '13:00:00'),
(372, 71, 20, 4, '14:00:00'),
(373, 71, 20, 5, '08:00:00'),
(374, 71, 20, 5, '09:00:00'),
(375, 71, 20, 5, '10:00:00'),
(376, 71, 20, 5, '11:00:00'),
(377, 71, 20, 5, '12:00:00'),
(378, 71, 20, 5, '13:00:00'),
(379, 71, 20, 5, '14:00:00'),
(380, 71, 20, 5, '15:00:00'),
(381, 71, 8, 5, '08:00:00'),
(382, 71, 21, 5, '08:00:00'),
(383, 71, 8, 5, '09:00:00'),
(384, 71, 21, 5, '09:00:00'),
(385, 71, 8, 5, '10:00:00'),
(386, 71, 21, 5, '10:00:00'),
(387, 72, 6, 3, '11:00:00'),
(388, 72, 22, 3, '11:00:00'),
(389, 73, 6, 4, '09:00:00'),
(390, 73, 22, 4, '09:00:00'),
(391, 74, 6, 3, '12:00:00'),
(392, 74, 22, 3, '12:00:00'),
(393, 76, 6, 4, '13:00:00'),
(394, 76, 22, 4, '13:00:00'),
(395, 75, 8, 3, '11:00:00'),
(396, 75, 21, 3, '11:00:00'),
(397, 77, 8, 5, '13:00:00'),
(398, 77, 21, 5, '13:00:00'),
(399, 78, 6, 3, '10:00:00'),
(400, 78, 22, 3, '10:00:00'),
(401, 79, 6, 4, '11:00:00'),
(402, 79, 22, 4, '11:00:00'),
(403, 80, 5, 5, '08:00:00'),
(404, 81, 5, 3, '09:00:00'),
(405, 81, 6, 3, '09:00:00'),
(406, 81, 22, 3, '09:00:00'),
(407, 81, 7, 3, '09:00:00'),
(409, 82, 5, 1, '12:00:00'),
(410, 82, 5, 1, '14:00:00'),
(411, 82, 5, 1, '16:00:00'),
(412, 82, 7, 1, '12:00:00'),
(413, 82, 7, 1, '14:00:00'),
(414, 82, 7, 1, '16:00:00'),
(415, 82, 6, 1, '16:00:00'),
(416, 82, 22, 1, '16:00:00'),
(417, 82, 5, 2, '10:00:00'),
(418, 82, 5, 2, '12:00:00'),
(419, 82, 5, 2, '16:00:00'),
(420, 82, 7, 2, '10:00:00'),
(421, 82, 7, 2, '12:00:00'),
(423, 82, 6, 2, '16:00:00'),
(424, 82, 22, 2, '16:00:00'),
(425, 82, 5, 3, '10:00:00'),
(426, 82, 5, 3, '12:00:00'),
(427, 82, 5, 3, '14:00:00'),
(428, 82, 7, 3, '10:00:00'),
(429, 82, 7, 3, '12:00:00'),
(430, 82, 7, 3, '14:00:00'),
(431, 82, 7, 3, '16:00:00'),
(432, 82, 6, 3, '16:00:00'),
(433, 82, 22, 3, '16:00:00'),
(434, 82, 5, 4, '08:00:00'),
(435, 82, 5, 4, '10:00:00'),
(436, 82, 5, 4, '12:00:00'),
(437, 82, 5, 4, '14:00:00'),
(438, 82, 5, 4, '16:00:00'),
(439, 82, 7, 4, '08:00:00'),
(440, 82, 7, 4, '10:00:00'),
(441, 82, 7, 4, '12:00:00'),
(442, 82, 7, 4, '14:00:00'),
(443, 82, 6, 4, '16:00:00'),
(444, 82, 22, 4, '16:00:00'),
(445, 82, 5, 5, '08:00:00'),
(446, 82, 5, 5, '10:00:00'),
(447, 82, 5, 5, '12:00:00'),
(450, 82, 7, 5, '08:00:00'),
(451, 82, 7, 5, '10:00:00'),
(452, 82, 7, 5, '12:00:00'),
(453, 82, 7, 5, '14:00:00'),
(454, 82, 6, 5, '08:00:00'),
(455, 82, 6, 5, '14:00:00'),
(456, 82, 22, 5, '08:00:00'),
(457, 82, 22, 5, '14:00:00'),
(458, 83, 7, 2, '16:00:00'),
(459, 83, 5, 3, '16:00:00'),
(460, 83, 7, 4, '16:00:00'),
(461, 84, 5, 1, '18:00:00'),
(462, 84, 6, 1, '18:00:00'),
(463, 84, 22, 1, '18:00:00'),
(464, 84, 7, 1, '18:00:00'),
(469, 86, 6, 4, '17:30:00'),
(470, 86, 22, 4, '17:30:00'),
(471, 86, 5, 4, '17:30:00'),
(472, 87, 6, 3, '10:00:00'),
(473, 87, 22, 3, '10:00:00'),
(474, 88, 6, 5, '10:00:00'),
(475, 89, 6, 3, '09:30:00'),
(476, 89, 22, 3, '09:30:00'),
(477, 90, 8, 3, '12:00:00'),
(478, 90, 20, 3, '12:00:00'),
(479, 90, 21, 3, '12:00:00'),
(480, 91, 5, 5, '12:00:00'),
(481, 91, 6, 5, '12:00:00'),
(482, 91, 22, 5, '12:00:00'),
(483, 92, 7, 5, '09:00:00'),
(484, 93, 6, 3, '11:00:00'),
(485, 93, 22, 3, '11:00:00'),
(486, 94, 6, 4, '10:30:00'),
(487, 94, 22, 4, '10:30:00'),
(488, 95, 6, 2, '17:00:00'),
(489, 95, 22, 2, '17:00:00'),
(490, 96, 6, 3, '16:00:00'),
(491, 96, 22, 3, '16:00:00'),
(492, 95, 6, 4, '17:00:00'),
(493, 95, 22, 4, '17:00:00'),
(494, 96, 6, 5, '14:00:00'),
(495, 96, 22, 5, '14:00:00'),
(496, 97, 7, 3, '10:30:00'),
(497, 98, 6, 3, '08:00:00'),
(498, 98, 22, 3, '08:00:00'),
(499, 99, 6, 4, '08:00:00'),
(500, 99, 22, 4, '08:00:00'),
(501, 100, 8, 3, '08:30:00'),
(502, 100, 21, 3, '08:30:00'),
(503, 101, 8, 4, '10:30:00'),
(504, 101, 21, 4, '10:30:00'),
(505, 102, 6, 3, '10:00:00'),
(506, 102, 22, 3, '10:00:00'),
(507, 103, 6, 4, '09:00:00'),
(508, 103, 22, 4, '09:00:00'),
(509, 104, 20, 2, '14:00:00'),
(510, 105, 6, 4, '11:00:00'),
(511, 105, 22, 4, '11:00:00'),
(512, 106, 5, 2, '18:30:00'),
(513, 106, 6, 2, '18:30:00'),
(514, 106, 7, 2, '18:30:00'),
(515, 106, 22, 2, '18:30:00'),
(516, 107, 6, 3, '09:30:00'),
(517, 107, 22, 3, '09:30:00'),
(518, 108, 6, 4, '09:00:00'),
(519, 108, 22, 4, '09:00:00'),
(520, 109, 5, 1, '14:00:00'),
(521, 109, 7, 1, '12:00:00'),
(522, 109, 7, 1, '14:00:00'),
(523, 110, 7, 1, '16:00:00'),
(524, 109, 6, 1, '16:00:00'),
(525, 109, 22, 1, '16:00:00'),
(526, 109, 5, 2, '08:00:00'),
(527, 109, 5, 2, '10:00:00'),
(528, 109, 5, 2, '12:00:00'),
(529, 109, 7, 2, '08:00:00'),
(530, 109, 7, 2, '10:00:00'),
(531, 109, 7, 2, '12:00:00'),
(532, 109, 7, 2, '14:00:00'),
(533, 109, 7, 2, '16:00:00'),
(534, 110, 6, 2, '16:00:00'),
(535, 110, 22, 2, '16:00:00'),
(536, 109, 5, 3, '08:00:00'),
(537, 109, 5, 3, '10:00:00'),
(538, 109, 5, 3, '12:00:00'),
(539, 109, 5, 3, '14:00:00'),
(540, 110, 5, 3, '16:00:00'),
(541, 109, 7, 3, '08:00:00'),
(542, 109, 7, 3, '10:00:00'),
(543, 109, 7, 3, '12:00:00'),
(544, 109, 7, 3, '14:00:00'),
(545, 109, 7, 3, '16:00:00'),
(546, 109, 6, 3, '16:00:00'),
(547, 109, 22, 3, '16:00:00'),
(548, 109, 5, 4, '10:00:00'),
(550, 109, 5, 4, '12:00:00'),
(551, 109, 5, 4, '14:00:00'),
(552, 110, 5, 4, '16:00:00'),
(553, 109, 7, 4, '10:00:00'),
(554, 109, 7, 4, '12:00:00'),
(555, 109, 7, 4, '14:00:00'),
(556, 109, 7, 4, '16:00:00'),
(557, 109, 6, 4, '16:00:00'),
(558, 109, 22, 4, '16:00:00'),
(559, 109, 5, 5, '08:00:00'),
(560, 109, 5, 5, '14:00:00'),
(561, 110, 7, 5, '14:00:00'),
(562, 109, 6, 5, '08:00:00'),
(563, 109, 6, 5, '10:00:00'),
(564, 109, 6, 5, '12:00:00'),
(565, 109, 6, 5, '14:00:00'),
(566, 109, 22, 5, '08:00:00'),
(567, 109, 22, 5, '10:00:00'),
(568, 109, 22, 5, '12:00:00'),
(569, 109, 22, 5, '14:00:00'),
(570, 111, 5, 5, '11:00:00'),
(571, 112, 5, 2, '18:30:00'),
(572, 112, 6, 2, '18:30:00'),
(573, 112, 7, 2, '18:30:00'),
(574, 112, 22, 2, '18:30:00'),
(575, 112, 5, 3, '18:30:00'),
(577, 112, 6, 3, '18:30:00'),
(578, 112, 7, 3, '18:30:00'),
(579, 112, 22, 3, '18:30:00'),
(583, 113, 5, 5, '08:00:00'),
(584, 113, 6, 5, '08:00:00'),
(585, 113, 22, 5, '08:00:00'),
(586, 114, 5, 5, '13:00:00'),
(587, 115, 20, 3, '16:00:00'),
(590, 116, 6, 3, '14:00:00'),
(591, 116, 22, 3, '14:00:00'),
(592, 120, 5, 1, '09:00:00'),
(593, 120, 6, 1, '09:00:00'),
(594, 120, 22, 1, '09:00:00'),
(595, 120, 7, 1, '09:00:00'),
(596, 120, 20, 1, '08:45:00'),
(597, 119, 6, 1, '14:00:00'),
(598, 119, 22, 1, '14:00:00'),
(599, 118, 6, 2, '09:00:00'),
(600, 118, 22, 2, '09:00:00'),
(601, 121, 5, 4, '09:30:00'),
(602, 122, 6, 3, '09:30:00'),
(603, 122, 22, 3, '09:30:00'),
(604, 123, 6, 4, '09:00:00'),
(605, 123, 22, 4, '09:00:00'),
(606, 124, 6, 2, '17:00:00'),
(607, 124, 22, 2, '17:00:00'),
(608, 124, 6, 3, '17:00:00'),
(609, 124, 22, 3, '17:00:00'),
(610, 124, 6, 4, '17:00:00'),
(611, 124, 22, 4, '17:00:00'),
(612, 125, 6, 5, '14:00:00'),
(613, 125, 22, 5, '14:00:00'),
(614, 126, 6, 4, '13:00:00'),
(615, 126, 22, 4, '13:00:00'),
(616, 127, 6, 1, '14:30:00'),
(617, 127, 22, 1, '14:30:00'),
(618, 128, 5, 5, '09:30:00'),
(619, 128, 6, 5, '09:30:00'),
(620, 128, 22, 5, '09:30:00'),
(621, 129, 6, 4, '13:30:00'),
(622, 129, 22, 4, '13:30:00'),
(623, 131, 6, 3, '08:00:00'),
(624, 131, 22, 3, '08:00:00'),
(625, 132, 8, 3, '09:30:00'),
(626, 132, 21, 3, '09:30:00'),
(627, 133, 6, 4, '08:00:00'),
(628, 133, 22, 4, '08:00:00'),
(629, 134, 6, 3, '09:00:00'),
(630, 134, 22, 3, '09:00:00'),
(631, 135, 6, 4, '12:30:00'),
(632, 135, 22, 4, '12:30:00'),
(633, 136, 6, 4, '10:00:00'),
(634, 136, 22, 4, '10:00:00'),
(635, 136, 7, 4, '10:00:00'),
(636, 137, 5, 3, '09:00:00'),
(637, 138, 6, 3, '11:30:00'),
(638, 138, 22, 3, '11:30:00'),
(639, 139, 5, 2, '18:30:00'),
(640, 139, 6, 2, '18:30:00'),
(641, 139, 7, 2, '18:30:00'),
(642, 139, 22, 2, '18:30:00'),
(643, 140, 6, 4, '13:30:00'),
(644, 140, 22, 4, '13:30:00'),
(645, 142, 7, 1, '16:00:00'),
(646, 142, 7, 2, '16:00:00'),
(648, 142, 6, 3, '16:00:00'),
(649, 142, 22, 3, '16:00:00'),
(650, 142, 6, 4, '16:00:00'),
(651, 142, 22, 4, '16:00:00'),
(652, 142, 5, 5, '08:00:00'),
(653, 143, 5, 5, '16:00:00'),
(654, 143, 7, 5, '14:00:00'),
(655, 144, 5, 1, '14:00:00'),
(656, 145, 7, 2, '08:00:00'),
(657, 145, 7, 4, '10:00:00'),
(658, 146, 7, 3, '08:00:00'),
(659, 146, 6, 5, '08:00:00'),
(660, 146, 22, 5, '08:00:00'),
(661, 147, 5, 2, '08:00:00'),
(662, 147, 5, 3, '08:00:00'),
(663, 147, 5, 4, '08:00:00'),
(664, 148, 5, 1, '18:30:00'),
(665, 148, 6, 1, '18:30:00'),
(666, 148, 7, 1, '18:30:00'),
(667, 148, 22, 1, '18:30:00'),
(668, 148, 5, 2, '18:30:00'),
(669, 148, 6, 2, '18:30:00'),
(670, 148, 7, 2, '18:30:00'),
(671, 148, 22, 2, '18:30:00'),
(672, 148, 5, 3, '18:30:00'),
(673, 148, 6, 3, '18:30:00'),
(674, 148, 7, 3, '18:30:00'),
(675, 148, 22, 3, '18:30:00'),
(676, 149, 6, 3, '08:00:00'),
(677, 149, 22, 3, '08:00:00'),
(678, 150, 6, 4, '08:00:00'),
(679, 150, 22, 4, '08:00:00'),
(680, 151, 5, 4, '16:00:00'),
(681, 152, 5, 3, '16:00:00'),
(682, 152, 7, 3, '16:00:00'),
(683, 153, 6, 5, '09:00:00'),
(684, 153, 22, 5, '09:00:00'),
(685, 154, 6, 5, '12:00:00'),
(686, 154, 22, 5, '12:00:00'),
(687, 155, 5, 4, '09:00:00'),
(688, 155, 6, 4, '09:00:00'),
(689, 155, 7, 4, '09:00:00'),
(690, 155, 22, 4, '09:00:00'),
(691, 156, 5, 1, '09:00:00'),
(692, 156, 6, 1, '09:00:00'),
(693, 156, 7, 1, '09:00:00'),
(694, 156, 22, 1, '09:00:00'),
(696, 157, 5, 4, '09:00:00'),
(697, 157, 6, 4, '09:00:00'),
(698, 157, 22, 4, '09:00:00'),
(699, 158, 5, 5, '09:00:00'),
(700, 159, 5, 5, '14:00:00'),
(701, 159, 6, 5, '14:00:00'),
(702, 159, 7, 5, '14:00:00'),
(703, 159, 22, 5, '14:00:00'),
(704, 157, 7, 4, '09:00:00'),
(705, 160, 6, 5, '12:00:00'),
(706, 160, 22, 5, '12:00:00'),
(707, 161, 6, 3, '12:00:00'),
(708, 161, 22, 3, '12:00:00'),
(709, 162, 6, 5, '14:00:00'),
(710, 162, 22, 5, '14:00:00'),
(711, 163, 6, 4, '16:00:00'),
(712, 163, 22, 4, '16:00:00'),
(713, 164, 6, 5, '14:00:00'),
(714, 164, 22, 5, '14:00:00'),
(715, 165, 5, 3, '14:30:00'),
(716, 166, 6, 3, '14:30:00'),
(717, 166, 22, 3, '14:30:00'),
(718, 167, 6, 2, '17:00:00'),
(719, 167, 22, 2, '17:00:00'),
(720, 168, 6, 3, '17:00:00'),
(721, 168, 22, 3, '17:00:00'),
(722, 168, 6, 4, '17:00:00'),
(723, 168, 22, 4, '17:00:00'),
(724, 169, 6, 5, '16:00:00'),
(725, 169, 22, 5, '16:00:00'),
(726, 170, 5, 3, '09:00:00'),
(727, 170, 6, 3, '09:00:00'),
(728, 170, 22, 3, '09:00:00'),
(729, 171, 6, 4, '11:00:00'),
(730, 171, 22, 4, '11:00:00'),
(731, 172, 5, 4, '20:00:00');

-- --------------------------------------------------------

--
-- Table structure for table `front_day_of_week`
--

DROP TABLE IF EXISTS `front_day_of_week`;
CREATE TABLE IF NOT EXISTS `front_day_of_week` (
  `day_of_week` int(11) unsigned NOT NULL,
  `day` char(32) NOT NULL,
  PRIMARY KEY (`day_of_week`)
) ENGINE=InnoDB DEFAULT CHARSET=latin1;

--
-- Dumping data for table `front_day_of_week`
--

INSERT INTO `front_day_of_week` (`day_of_week`, `day`) VALUES
(0, 'Sunday'),
(1, 'Monday'),
(2, 'Tuesday'),
(3, 'Wednesday'),
(4, 'Thursday'),
(5, 'Friday'),
(6, 'Saturday');

-- --------------------------------------------------------

--
-- Table structure for table `front_event`
--

DROP TABLE IF EXISTS `front_event`;
CREATE TABLE IF NOT EXISTS `front_event` (
  `event_id` int(11) unsigned NOT NULL AUTO_INCREMENT,
  `event_name` varchar(255) NOT NULL,
  `status` int(11) NOT NULL,
  PRIMARY KEY (`event_id`),
  UNIQUE KEY `event_name` (`event_name`)
) ENGINE=InnoDB  DEFAULT CHARSET=latin1 AUTO_INCREMENT=173 ;

--
-- Dumping data for table `front_event`
--

INSERT INTO `front_event` (`event_id`, `event_name`, `status`) VALUES
(1, 'EMTH171-LabTestB', 1),
(2, 'EMTH118-MapleTA-Test', 1),
(3, 'EMTH118-MapleTA', 1),
(4, 'EMTH119-MapleTA-1 hour', 1),
(5, 'EMTH119-MapleTA-2 hour', 1),
(6, 'EMTH271-Matlab', 1),
(7, 'STAT101-Test-5 hour', 1),
(8, 'STAT101-Test-6 hour', 1),
(9, 'EMTH271-Matlab-1 hour', 1),
(10, 'EMTH171-Test', 1),
(12, 'EMTH171-Test-Extended', 1),
(14, 'EMT003 Lab Test', 1),
(15, 'EMTH171-Test-Backup', 1),
(16, 'EMTH118-MapleTA-half hour', 1),
(17, 'EMTH171-Resit', 1),
(18, 'EMTH119-MapleTA-Resit', 1),
(19, 'EMTH271-Resit', 1),
(20, 'STAT101-Test-1 hour', 1),
(21, 'ENCH391-Exam', 1),
(22, 'STAT101-Test-Summer', 1),
(23, 'EMTH171-Test-Summer', 1),
(24, 'MATH101-MapleTA', 1),
(25, 'EMTH118-16S1-MapleTA-Fri', 1),
(26, 'EMTH118-16S1-MapleTA-Wed', 1),
(27, 'EMTH118-16S1-MapleTA-Thu', 1),
(28, 'EMTH210-16S1-MapleTA', 1),
(29, 'STAT101-16S1-Wed', 1),
(30, 'STAT101-16S1-Thu', 1),
(31, 'MATH101-MapleTA-Resit', 1),
(32, 'EMT003-16S1 Test', 1),
(33, 'STAT101-16S1-Catchup', 1),
(34, 'CMDS281/664 Exam', 1),
(35, 'EMTH171-16S2_Matlab', 1),
(36, 'EMTH118-16S2-MapleTA', 1),
(37, 'EMTH119-16S2-MapleTA', 1),
(38, 'EMTH118-16S2-1 hour', 1),
(39, 'STAT101-16S2-Wed', 1),
(40, 'STAT101-16S2-Thu', 1),
(41, 'EMT003-16S2 Test', 1),
(42, 'EMTH171-16S2 Test', 1),
(43, 'EMTH171-16S2 ETest', 1),
(44, 'EMTH171-16S2 Resit', 1),
(45, 'EMTH118-16S2-MapleTA-Catchup', 1),
(46, 'LAWS370-16S2-Exam', 1),
(47, 'ENCH391-16S2 Exam', 1),
(48, 'STAT101-16SU2-Wed', 1),
(49, 'STAT101-16SU2-Fri', 1),
(51, 'EMT003-16SU2-Test', 1),
(52, 'EMTH171-16SU2-Test', 1),
(53, 'STAT101-16SU2 Resit', 1),
(54, 'MATH101-17S1 MapleTA', 1),
(55, 'EMTH118-17S1-MapleTA-3hour', 1),
(56, 'EMTH118-17S1-MapleTA-4hour', 1),
(57, 'STAT101-17S1-Wed', 1),
(58, 'STAT101-17S1-Thu', 1),
(59, 'STAT101-17S1-Thu-3.5hour', 1),
(60, 'EMTH210-17S1-Tue', 1),
(61, 'EMTH210-17S1-Wed', 1),
(62, 'EMTH210-17S1-Tru', 1),
(63, 'MATH101-17S1-MapleTA Resit', 1),
(64, 'EMTH118-17S1-DRS', 1),
(65, 'EMTH118-17S1-Resit', 1),
(66, 'EMTH210-17S1-1-Hour', 1),
(67, 'ENCH298-17S1-Test', 1),
(68, 'EMT003 Resit', 1),
(69, 'MATH101-17S1 MapleTA-Resit', 1),
(70, 'CMDS281/664-17S1 Exam', 1),
(71, 'MATH101-17S2 MapleTA', 1),
(72, 'EMTH118-17S2 Wed', 1),
(73, 'EMTH118-17S2 Thu', 1),
(74, 'EMTH171-17S2 Test1 Wed 035', 1),
(75, 'EMTH171-17S2 Test1 Thu 035', 1),
(76, 'EMTH171-17S2 Test1 Wed 442', 1),
(77, 'EMTH118-17S2 Resit', 1),
(78, 'STAT101-17S2 Wed', 1),
(79, 'STAT101-17S2 Thu', 1),
(80, 'EMTH171-17S2 Test1 Resit', 1),
(81, 'ENCH391-17S2 Test', 1),
(82, 'EMTH171-17S2-Test2', 1),
(83, 'EMTH171-17S2-Test2-Ext', 1),
(84, 'EMTH271-17S2-Test', 1),
(86, 'EMTH171-17S2-Test2-Resit', 1),
(87, 'STAT101-17S2 Resit', 1),
(88, 'LAWS338-17S2 Demo', 1),
(89, 'LAWS338-17S2 Exam', 1),
(90, 'STAT101-17SU2-Wed', 1),
(91, 'STAT101-17SU2-Fri', 1),
(92, 'EMT003-17SU2-Test', 1),
(93, 'STAT101-18S1 Wed', 1),
(94, 'STAT101-18S1 Thu', 1),
(95, 'EMTH210-18S1 3-hour', 1),
(96, 'EMTH210-18S1 4-hour', 1),
(97, 'STAT101-18S1-Resit', 1),
(98, 'EMTH171-18S2 Test1 Wed 035', 1),
(99, 'EMTH171-18S2 Test1 Thu 035', 1),
(100, 'EMTH171-18S2 Test1 Wed 442', 1),
(101, 'EMTH171-18S2 Test1 Thu 442', 1),
(102, 'STAT101-18S2 Wed', 1),
(103, 'STAT101-18S2 Thu', 1),
(104, 'EMTH171-18S2 Test1-resit', 1),
(105, 'MATH363 Test', 1),
(106, 'ENCH391-18S2 Test', 1),
(107, 'EMTH119-18S2 MapleTA Wed', 1),
(108, 'EMTH119-18S2 MapleTA Thu', 1),
(109, 'EMTH171-18S2-Test2', 1),
(110, 'EMTH171-18S2-Test2-Ext', 1),
(111, 'EMTH119-18S2 MapleTA Fri', 1),
(112, 'EMTH271-18S2-Test', 1),
(113, 'EMTH171-18S2-Test2-Resit1', 1),
(114, 'EMTH171-18S2-Test2-Resit2', 1),
(115, 'EMTH119-18S2 MapleTA DRS', 1),
(116, 'CMDS657-18S2 Exam', 1),
(118, 'LAWS338-18S2 Exam', 1),
(119, 'LAWS371-18S2 Exam', 1),
(120, 'ENCH391-18S2 Exam', 1),
(121, 'EMT003-18SU2-Test', 1),
(122, 'STAT101-19S1 Wed', 1),
(123, 'STAT101-19S1 Thu', 1),
(124, 'EMTH210-19S1 3-hour', 1),
(125, 'EMTH210-19S1 4-hour', 1),
(126, 'STAT101-19S1 Catchup', 1),
(127, 'ARTH329-19S1 Exam', 1),
(128, 'CMDS281/644-19S1 Exam', 1),
(129, 'MATH110-19S2 Test A', 1),
(130, 'MATH110-19S2 Test B', 1),
(131, 'EMTH171-19S2 Test1 Wed 035', 1),
(132, 'EMTH171-19S2 Test1 Wed 442', 1),
(133, 'EMTH171-19S2 Test1 Thu 035', 1),
(134, 'STAT101-19S2 Wed', 1),
(135, 'STAT101-19S2 Thu', 1),
(136, 'MATH363-19S2 Test', 1),
(137, 'EMTH171-19S2 Test1 Resit', 1),
(138, 'MATH110-19S2 Test3 MapleTA', 1),
(139, 'ENCH391-19S2 Test', 1),
(140, 'MATH110-19S2 Test4 MapleTA', 1),
(142, 'EMTH171-19S2 Test2 1 Session', 1),
(143, 'EMTH171-19S2 Test2 1 Ext Session', 1),
(144, 'EMTH171-19S2 Test2 2 Sessions', 1),
(145, 'EMTH171-19S2 Test2 3 Sessions', 1),
(146, 'EMTH171-19S2 Test2 4 Sessions', 1),
(147, 'EMTH171-19S2 Test2 5 Ext Sessions', 1),
(148, 'EMTH271-19S2 Test', 1),
(149, 'EMTH119-19S2-Wednesday', 1),
(150, 'EMTH119-19S2-Thursday', 1),
(151, 'EMTH171-19S2-Catchup', 1),
(152, 'EMTH171-19S2-Catchup2', 1),
(153, 'EMTH171-19S2-Test2-Resit', 1),
(154, 'MATH110-19S2 Test5', 1),
(155, 'ENCH391-19S2 Exam', 1),
(156, 'LAWS356-19S2 Exam', 1),
(157, 'MATH110-19S2 Exam', 1),
(158, 'LAWS338-19S2 Exam', 1),
(159, 'INFO263-19S2 Exam', 1),
(160, 'STAT101-19SU2 Fri', 1),
(161, 'STAT101-19SU2 Wed', 1),
(162, 'EMTH171-19SU2 Test', 1),
(163, 'MATH110-19S2 Test Thursday', 1),
(164, 'MATH110-19S1 Test Friday', 1),
(165, 'MATH110-19S1 Test Wednesday E033', 1),
(166, 'MATH110-19S1 Test Wednesday E035', 1),
(167, 'EMTH210-20S1 3-hour', 1),
(168, 'EMTH210-20S1 4-hour', 1),
(169, 'EMTH210-20S1 2+hour', 1),
(170, 'STAT101-20S1 Wednesday ', 1),
(171, 'STAT101-20S1 Thursday ', 1),
(172, 'EMTH210-20S1 1-hour', 1);

-- --------------------------------------------------------

--
-- Table structure for table `front_events`
--

DROP TABLE IF EXISTS `front_events`;
CREATE TABLE IF NOT EXISTS `front_events` (
  `id` int(11) NOT NULL AUTO_INCREMENT,
  `event_name` varchar(255) NOT NULL,
  `cluster_name` varchar(255) NOT NULL,
  `date` date NOT NULL,
  `start_time` time NOT NULL,
  `end_time` time NOT NULL,
  `class_name` varchar(255) NOT NULL,
  `time_offset` varchar(255) NOT NULL,
  `event_id` int(11) NOT NULL,
  PRIMARY KEY (`id`)
) ENGINE=InnoDB  DEFAULT CHARSET=latin1 AUTO_INCREMENT=4 ;

--
-- Dumping data for table `front_events`
--

INSERT INTO `front_events` (`id`, `event_name`, `cluster_name`, `date`, `start_time`, `end_time`, `class_name`, `time_offset`, `event_id`) VALUES
(1, 'EMTH171-LabTestB', 'Research', '2021-06-01', '14:00:00', '15:00:00', 'Erskine 033', '0', 1),
(2, 'EMTH118-MapleTA-Test', 'UC-Learn', '2021-06-01', '17:00:00', '18:00:00', 'Erskine 035', '2 Hours 0 Minutes', 2),
(3, 'EMTH271-Matlab', 'MapleTA', '2021-06-01', '16:15:00', '19:15:00', 'Erskine 413', '1 Hours 45 Minutes', 6);

-- --------------------------------------------------------

--
-- Table structure for table `front_event_log`
--

DROP TABLE IF EXISTS `front_event_log`;
CREATE TABLE IF NOT EXISTS `front_event_log` (
  `log_id` int(11) NOT NULL AUTO_INCREMENT,
  `event_id` int(11) unsigned DEFAULT NULL,
  `action_id` int(11) unsigned DEFAULT NULL,
  `daily_id` int(11) unsigned DEFAULT NULL,
  `weekly_id` int(11) unsigned DEFAULT NULL,
  `status` int(11) DEFAULT NULL,
  `ran` timestamp NOT NULL DEFAULT CURRENT_TIMESTAMP ON UPDATE CURRENT_TIMESTAMP,
  PRIMARY KEY (`log_id`),
  UNIQUE KEY `event_index` (`event_id`,`action_id`,`daily_id`,`weekly_id`),
  KEY `log_action_fk` (`action_id`),
  KEY `log_daily_fk_idx` (`daily_id`),
  KEY `log_weekly_fk_idx` (`weekly_id`)
) ENGINE=InnoDB DEFAULT CHARSET=latin1 AUTO_INCREMENT=1 ;

-- --------------------------------------------------------

--
-- Table structure for table `front_group`
--

DROP TABLE IF EXISTS `front_group`;
CREATE TABLE IF NOT EXISTS `front_group` (
  `group_id` int(10) unsigned NOT NULL AUTO_INCREMENT,
  `machine_group` varchar(100) NOT NULL DEFAULT '',
  `menu_id` int(10) unsigned NOT NULL,
  `message_id` int(10) unsigned NOT NULL DEFAULT '1',
  `version` int(10) unsigned NOT NULL DEFAULT '0',
  PRIMARY KEY (`group_id`),
  KEY `idxGroup` (`machine_group`)
) ENGINE=InnoDB  DEFAULT CHARSET=latin1 AUTO_INCREMENT=25 ;

--
-- Dumping data for table `front_group`
--

INSERT INTO `front_group` (`group_id`, `machine_group`, `menu_id`, `message_id`, `version`) VALUES
(1, 'Default', 1, 1, 0),
(2, 'Lab033', 15, 1, 1),
(3, 'Home1', 4, 1, 1),
(4, 'Home2', 5, 1, 1),
(5, 'Erskine-033', 15, 1, 1),
(6, 'Erskine-035', 15, 1, 1),
(7, 'Erskine-038', 15, 1, 1),
(8, 'Erskine-442', 22, 1, 1),
(9, 'Erskine-Office', 7, 1, 1),
(10, 'Erskine-Research-Linux', 8, 1, 1),
(11, 'Erskine-Research-Windows', 4, 1, 1),
(12, 'Erskine-411', 11, 1, 1),
(14, 'Test_Group', 11, 1, 1),
(15, 'Erskine-423-Test', 12, 1, 1),
(16, 'Advanced Computing Lab', 13, 1, 1),
(17, 'Erskine-421-Test', 12, 1, 1),
(18, 'Research', 3, 1, 1),
(19, 'Erskine-461', 17, 1, 1),
(20, 'Erskine-436', 22, 1, 1),
(21, 'Erskine-442b', 22, 1, 1),
(22, 'Erskine-036', 15, 1, 1),
(23, 'Development', 19, 1, 1),
(24, 'Erskine424-Test', 23, 1, 1);

-- --------------------------------------------------------

--
-- Table structure for table `front_room`
--

DROP TABLE IF EXISTS `front_room`;
CREATE TABLE IF NOT EXISTS `front_room` (
  `room_id` int(10) unsigned NOT NULL DEFAULT '0',
  `room_name` varchar(127) NOT NULL,
  `printer_id` int(11) DEFAULT NULL,
  PRIMARY KEY (`room_id`)
) ENGINE=InnoDB DEFAULT CHARSET=latin1;

--
-- Dumping data for table `front_room`
--

INSERT INTO `front_room` (`room_id`, `room_name`, `printer_id`) VALUES
(1, 'kitchen', NULL),
(2, 'lounge', NULL),
(3, 'Erskine 033', 11),
(4, 'Erskine 035', 11),
(5, 'Erskine 038', 12),
(6, 'Erskine 442', 13),
(7, 'Erskine 400', NULL),
(8, 'Erskine 401', NULL),
(9, 'Erskine 402', NULL),
(10, 'Erskine 403', NULL),
(11, 'Erskine 410', NULL),
(12, 'Erskine 411', 3),
(13, 'Erskine 412', NULL),
(14, 'Erskine 413', NULL),
(15, 'Erskine 414', NULL),
(16, 'Erskine 415', NULL),
(17, 'Erskine 416', NULL),
(18, 'Erskine 420', NULL),
(19, 'Erskine 421', NULL),
(20, 'Erskine 422', NULL),
(21, 'Erskine 423', NULL),
(22, 'Erskine 424', NULL),
(24, 'Erskine 436', 13),
(25, 'Erskine 437', NULL),
(26, 'Erskine 500', NULL),
(27, 'Erskine 501', NULL),
(28, 'Erskine 502', NULL),
(29, 'Erskine 503', NULL),
(30, 'Erskine 504', NULL),
(31, 'Erskine 505', NULL),
(32, 'Erskine 510', NULL),
(33, 'Erskine 511', NULL),
(34, 'Erskine 512', NULL),
(35, 'Erskine 513', NULL),
(36, 'Erskine 514', NULL),
(37, 'Erskine 515', NULL),
(38, 'Erskine 516', NULL),
(39, 'Erskine 520', NULL),
(40, 'Erskine 521', NULL),
(41, 'Erskine 522', NULL),
(42, 'Erskine 523', NULL),
(43, 'Erskine 524', NULL),
(44, 'Erskine 525', NULL),
(45, 'Erskine 600', NULL),
(46, 'Erskine 601', NULL),
(47, 'Erskine 602', NULL),
(48, 'Erskine 603', NULL),
(49, 'Erskine 604', NULL),
(50, 'Erskine 605', NULL),
(51, 'Erskine 606', NULL),
(52, 'Erskine 607', NULL),
(53, 'Erskine 610', NULL),
(54, 'Erskine 611', NULL),
(55, 'Erskine 612', NULL),
(56, 'Erskine 613', NULL),
(57, 'Erskine 614', NULL),
(58, 'Erskine 615', NULL),
(59, 'Erskine 616', NULL),
(60, 'Erskine 620', NULL),
(61, 'Erskine 621', NULL),
(62, 'Erskine 622', NULL),
(63, 'Erskine 623', NULL),
(64, 'Erskine 624', NULL),
(65, 'Erskine 700', NULL),
(66, 'Erskine 701', NULL),
(67, 'Erskine 702', NULL),
(68, 'Erskine 703', NULL),
(69, 'Erskine 704', NULL),
(70, 'Erskine 710', NULL),
(71, 'Erskine 711', NULL),
(72, 'Erskine 712', NULL),
(73, 'Erskine 713', NULL),
(74, 'Erskine 714', NULL),
(75, 'Erskine 720', NULL),
(76, 'Erskine 721', NULL),
(77, 'Erskine 722', NULL),
(78, 'Erskine 723', NULL),
(79, 'Erskine 724', NULL),
(80, 'Erskine 036', 12),
(81, 'Erskine 461', 16),
(82, 'Erskine 443', NULL),
(83, 'Erskine 444', 13),
(84, 'No Room', NULL),
(85, 'Erskine 434', NULL),
(86, 'Erskine 435', NULL),
(87, 'Erskine 432', NULL);

-- --------------------------------------------------------

--
-- Table structure for table `front_weekly`
--

DROP TABLE IF EXISTS `front_weekly`;
CREATE TABLE IF NOT EXISTS `front_weekly` (
  `weekly_id` int(11) unsigned NOT NULL AUTO_INCREMENT,
  `event_id` int(11) unsigned NOT NULL,
  `week_of_year` int(11) unsigned NOT NULL,
  `event_year` year(4) NOT NULL,
  PRIMARY KEY (`weekly_id`),
  KEY `weekly_event_fk_idx` (`event_id`)
) ENGINE=InnoDB  DEFAULT CHARSET=latin1 AUTO_INCREMENT=289 ;

--
-- Dumping data for table `front_weekly`
--

INSERT INTO `front_weekly` (`weekly_id`, `event_id`, `week_of_year`, `event_year`) VALUES
(1, 1, 30, 2015),
(2, 1, 31, 2015),
(3, 1, 32, 2015),
(4, 1, 33, 2015),
(5, 1, 34, 2015),
(6, 1, 37, 2015),
(7, 1, 38, 2015),
(8, 1, 40, 2015),
(9, 1, 41, 2015),
(11, 2, 29, 2015),
(13, 3, 31, 2015),
(14, 3, 37, 2015),
(15, 3, 40, 2015),
(16, 4, 32, 2015),
(17, 5, 32, 2015),
(18, 4, 38, 2015),
(19, 5, 38, 2015),
(20, 4, 41, 2015),
(21, 5, 41, 2015),
(22, 6, 34, 2015),
(23, 6, 42, 2015),
(24, 7, 33, 2015),
(25, 8, 33, 2015),
(26, 9, 34, 2015),
(27, 10, 39, 2015),
(28, 12, 39, 2015),
(29, 14, 38, 2015),
(30, 7, 39, 2015),
(31, 8, 39, 2015),
(33, 16, 40, 2015),
(34, 7, 42, 2015),
(35, 8, 42, 2015),
(36, 17, 42, 2015),
(37, 18, 42, 2015),
(38, 19, 43, 2015),
(39, 20, 43, 2015),
(40, 21, 46, 2015),
(41, 22, 1, 2016),
(42, 23, 3, 2016),
(43, 22, 2, 2016),
(44, 22, 4, 2016),
(45, 22, 5, 2016),
(46, 24, 10, 2016),
(47, 25, 11, 2016),
(48, 25, 18, 2016),
(49, 25, 21, 2016),
(50, 24, 14, 2016),
(51, 24, 18, 2016),
(52, 24, 20, 2016),
(53, 26, 11, 2016),
(54, 26, 18, 2016),
(55, 26, 21, 2016),
(56, 27, 11, 2016),
(57, 27, 18, 2016),
(58, 27, 21, 2016),
(59, 28, 12, 2016),
(60, 29, 12, 2016),
(61, 29, 19, 2016),
(62, 29, 22, 2016),
(63, 30, 12, 2016),
(64, 30, 19, 2016),
(65, 30, 22, 2016),
(66, 31, 12, 2016),
(67, 32, 20, 2016),
(68, 33, 23, 2016),
(69, 34, 25, 2016),
(70, 35, 29, 2016),
(71, 35, 30, 2016),
(72, 35, 31, 2016),
(74, 36, 31, 2016),
(75, 36, 37, 2016),
(76, 36, 40, 2016),
(77, 37, 31, 2016),
(78, 37, 37, 2016),
(79, 37, 40, 2016),
(80, 38, 32, 2016),
(81, 39, 32, 2016),
(82, 40, 32, 2016),
(83, 39, 38, 2016),
(84, 40, 38, 2016),
(85, 39, 41, 2016),
(86, 40, 41, 2016),
(87, 41, 37, 2016),
(88, 42, 38, 2016),
(89, 43, 38, 2016),
(90, 44, 41, 2016),
(91, 45, 41, 2016),
(92, 33, 41, 2016),
(93, 33, 42, 2016),
(94, 46, 44, 2016),
(95, 47, 45, 2016),
(96, 48, 1, 2017),
(97, 48, 4, 2017),
(98, 48, 5, 2017),
(99, 49, 2, 2017),
(100, 51, 2, 2017),
(101, 52, 4, 2017),
(102, 53, 6, 2017),
(103, 53, 7, 2017),
(104, 54, 10, 2017),
(105, 54, 14, 2017),
(106, 54, 18, 2017),
(107, 54, 20, 2017),
(108, 55, 11, 2017),
(109, 55, 18, 2017),
(110, 55, 21, 2017),
(111, 56, 11, 2017),
(112, 56, 18, 2017),
(113, 56, 21, 2017),
(114, 57, 12, 2017),
(115, 59, 12, 2017),
(116, 57, 19, 2017),
(117, 58, 19, 2017),
(118, 57, 22, 2017),
(119, 58, 22, 2017),
(120, 60, 12, 2017),
(121, 61, 12, 2017),
(122, 62, 12, 2017),
(123, 63, 11, 2017),
(124, 64, 11, 2017),
(125, 65, 12, 2017),
(126, 66, 12, 2017),
(127, 67, 18, 2017),
(128, 65, 18, 2017),
(129, 51, 19, 2017),
(130, 68, 20, 2017),
(131, 69, 21, 2017),
(132, 70, 24, 2017),
(133, 65, 22, 2017),
(134, 33, 23, 2017),
(135, 71, 31, 2017),
(136, 71, 38, 2017),
(137, 71, 40, 2017),
(138, 72, 32, 2017),
(140, 73, 32, 2017),
(141, 74, 32, 2017),
(142, 75, 32, 2017),
(143, 76, 32, 2017),
(144, 77, 32, 2017),
(145, 78, 33, 2017),
(146, 79, 33, 2017),
(147, 80, 33, 2017),
(148, 51, 35, 2017),
(149, 78, 39, 2017),
(150, 78, 42, 2017),
(151, 79, 39, 2017),
(152, 79, 42, 2017),
(153, 72, 38, 2017),
(154, 73, 38, 2017),
(155, 72, 41, 2017),
(156, 73, 41, 2017),
(157, 81, 39, 2017),
(158, 82, 39, 2017),
(159, 83, 39, 2017),
(160, 84, 41, 2017),
(161, 77, 41, 2017),
(162, 86, 42, 2017),
(163, 87, 43, 2017),
(164, 88, 43, 2017),
(165, 81, 45, 2017),
(166, 89, 46, 2017),
(167, 90, 1, 2018),
(168, 90, 4, 2018),
(169, 90, 5, 2018),
(170, 91, 2, 2018),
(171, 92, 1, 2018),
(172, 52, 4, 2018),
(173, 92, 2, 2018),
(174, 93, 12, 2018),
(175, 94, 12, 2018),
(176, 95, 12, 2018),
(177, 96, 12, 2018),
(178, 93, 19, 2018),
(179, 93, 22, 2018),
(180, 94, 19, 2018),
(181, 94, 22, 2018),
(182, 97, 23, 2018),
(183, 98, 32, 2018),
(184, 99, 32, 2018),
(185, 100, 32, 2018),
(186, 101, 32, 2018),
(187, 102, 33, 2018),
(188, 103, 33, 2018),
(189, 104, 33, 2018),
(190, 105, 33, 2018),
(191, 106, 38, 2018),
(192, 107, 38, 2018),
(193, 108, 38, 2018),
(194, 107, 41, 2018),
(195, 108, 41, 2018),
(196, 102, 39, 2018),
(197, 102, 42, 2018),
(198, 103, 39, 2018),
(199, 103, 42, 2018),
(200, 109, 39, 2018),
(201, 110, 39, 2018),
(202, 111, 38, 2018),
(204, 112, 39, 2018),
(205, 113, 42, 2018),
(206, 114, 42, 2018),
(207, 115, 41, 2018),
(208, 116, 44, 2018),
(209, 120, 45, 2018),
(210, 119, 45, 2018),
(211, 118, 46, 2018),
(212, 90, 51, 2018),
(213, 121, 51, 2018),
(214, 90, 2, 2019),
(215, 90, 4, 2019),
(216, 90, 5, 2019),
(217, 52, 4, 2019),
(218, 122, 13, 2019),
(219, 122, 19, 2019),
(220, 122, 22, 2019),
(221, 123, 13, 2019),
(222, 123, 19, 2019),
(223, 123, 22, 2019),
(226, 126, 23, 2019),
(227, 127, 25, 2019),
(228, 128, 25, 2019),
(229, 129, 30, 2019),
(230, 129, 31, 2019),
(231, 131, 32, 2019),
(232, 132, 32, 2019),
(233, 133, 32, 2019),
(234, 134, 33, 2019),
(235, 135, 33, 2019),
(236, 136, 33, 2019),
(237, 137, 34, 2019),
(238, 138, 34, 2019),
(239, 139, 38, 2019),
(240, 140, 38, 2019),
(241, 142, 39, 2019),
(242, 143, 39, 2019),
(243, 144, 39, 2019),
(244, 145, 39, 2019),
(245, 146, 39, 2019),
(246, 147, 39, 2019),
(247, 148, 39, 2019),
(249, 134, 39, 2019),
(250, 135, 39, 2019),
(251, 149, 40, 2019),
(252, 150, 40, 2019),
(253, 151, 40, 2019),
(254, 152, 41, 2019),
(255, 140, 41, 2019),
(256, 153, 42, 2019),
(257, 134, 42, 2019),
(258, 135, 42, 2019),
(259, 154, 42, 2019),
(260, 155, 44, 2019),
(261, 156, 45, 2019),
(262, 157, 45, 2019),
(263, 158, 45, 2019),
(264, 159, 45, 2019),
(265, 160, 50, 2019),
(266, 160, 2, 2020),
(267, 161, 51, 2019),
(268, 161, 4, 2020),
(269, 161, 5, 2020),
(270, 162, 4, 2020),
(271, 163, 9, 2020),
(272, 163, 11, 2020),
(273, 163, 18, 2020),
(274, 163, 20, 2020),
(275, 164, 13, 2020),
(276, 164, 22, 2020),
(277, 165, 9, 2020),
(278, 166, 11, 2020),
(279, 166, 13, 2020),
(280, 166, 18, 2020),
(281, 166, 20, 2020),
(282, 165, 22, 2020),
(283, 167, 12, 2020),
(284, 168, 12, 2020),
(285, 169, 12, 2020),
(286, 170, 12, 2020),
(287, 171, 12, 2020),
(288, 172, 12, 2020);

-- --------------------------------------------------------

--
-- Table structure for table `user`
--

DROP TABLE IF EXISTS `user`;
CREATE TABLE IF NOT EXISTS `user` (
  `user_id` int(11) NOT NULL AUTO_INCREMENT,
  `username` varchar(32) NOT NULL,
  `password` varchar(64) NOT NULL,
  PRIMARY KEY (`user_id`)
) ENGINE=InnoDB  DEFAULT CHARSET=latin1 AUTO_INCREMENT=2 ;

--
-- Dumping data for table `user`
--

INSERT INTO `user` (`user_id`, `username`, `password`) VALUES
(1, 'admin', '12345');

-- --------------------------------------------------------

--
-- Stand-in structure for view `vw_display_view`
--
DROP VIEW IF EXISTS `vw_display_view`;
CREATE TABLE IF NOT EXISTS `vw_display_view` (
`event_name` varchar(255)
,`cluster_name` varchar(128)
,`date` date
,`time` time
,`activate` int(11) unsigned
,`machine_group` varchar(100)
,`time_offset` time
,`event_id` int(11) unsigned
,`group_id` int(10) unsigned
);
-- --------------------------------------------------------

--
-- Stand-in structure for view `vw_front_event`
--
DROP VIEW IF EXISTS `vw_front_event`;
CREATE TABLE IF NOT EXISTS `vw_front_event` (
`event_name` varchar(255)
,`cluster_name` varchar(128)
,`cluster_id` int(11) unsigned
,`machine_group` varchar(100)
,`group_id` int(10) unsigned
,`date` date
,`time` time
,`activate` int(11) unsigned
,`event_id` int(11) unsigned
,`action_id` int(11) unsigned
,`daily_id` int(11)
,`weekly_id` int(11) unsigned
,`status` int(11)
,`date_ran` timestamp
);
-- --------------------------------------------------------

--
-- Stand-in structure for view `vw_front_group_client`
--
DROP VIEW IF EXISTS `vw_front_group_client`;
CREATE TABLE IF NOT EXISTS `vw_front_group_client` (
`room_name` varchar(127)
,`mac` char(17)
,`serial_no` varchar(128)
,`position` int(11)
);
-- --------------------------------------------------------

--
-- Structure for view `vw_display_view`
--
DROP TABLE IF EXISTS `vw_display_view`;

CREATE ALGORITHM=UNDEFINED DEFINER=`root`@`localhost` SQL SECURITY DEFINER VIEW `vw_display_view` AS select `vw_front_event`.`event_name` AS `event_name`,`vw_front_event`.`cluster_name` AS `cluster_name`,`vw_front_event`.`date` AS `date`,`vw_front_event`.`time` AS `time`,`vw_front_event`.`activate` AS `activate`,`vw_front_event`.`machine_group` AS `machine_group`,`front_action`.`time_offset` AS `time_offset`,`vw_front_event`.`event_id` AS `event_id`,`vw_front_event`.`group_id` AS `group_id` from (`vw_front_event` join `front_action` on(((`vw_front_event`.`cluster_id` = `front_action`.`cluster_id`) and (`vw_front_event`.`activate` = `front_action`.`activate`) and (`vw_front_event`.`event_id` = `front_action`.`event_id`) and (`vw_front_event`.`action_id` = `front_action`.`action_id`))));

-- --------------------------------------------------------

--
-- Structure for view `vw_front_event`
--
DROP TABLE IF EXISTS `vw_front_event`;

CREATE ALGORITHM=UNDEFINED DEFINER=`root`@`localhost` SQL SECURITY DEFINER VIEW `vw_front_event` AS select `e`.`event_name` AS `event_name`,`fc`.`cluster_name` AS `cluster_name`,`fc`.`cluster_id` AS `cluster_id`,`g`.`machine_group` AS `machine_group`,`g`.`group_id` AS `group_id`,str_to_date(concat(`fw`.`event_year`,' ',`fw`.`week_of_year`,' ',`w`.`day`),'%x %v %W') AS `date`,addtime(`d`.`start_time`,`a`.`time_offset`) AS `time`,`a`.`activate` AS `activate`,`e`.`event_id` AS `event_id`,`a`.`action_id` AS `action_id`,`d`.`daily_id` AS `daily_id`,`fw`.`weekly_id` AS `weekly_id`,`el`.`status` AS `status`,`el`.`ran` AS `date_ran` from (((((((`front_event` `e` join `front_daily` `d` on((`e`.`event_id` = `d`.`event_id`))) join `front_group` `g` on((`d`.`group_id` = `g`.`group_id`))) join `front_day_of_week` `w` on((`d`.`day_of_week` = `w`.`day_of_week`))) join `front_action` `a` on((`e`.`event_id` = `a`.`event_id`))) join `front_cluster` `fc` on((`a`.`cluster_id` = `fc`.`cluster_id`))) join `front_weekly` `fw` on((`e`.`event_id` = `fw`.`event_id`))) left join `front_event_log` `el` on(((`e`.`event_id` = `el`.`event_id`) and (`a`.`action_id` = `el`.`action_id`) and (`d`.`daily_id` = `el`.`daily_id`) and (`fw`.`weekly_id` = `el`.`weekly_id`)))) order by `fw`.`week_of_year`,`d`.`day_of_week`,addtime(`d`.`start_time`,`a`.`time_offset`),`g`.`machine_group`;

-- --------------------------------------------------------

--
-- Structure for view `vw_front_group_client`
--
DROP TABLE IF EXISTS `vw_front_group_client`;

CREATE ALGORITHM=UNDEFINED DEFINER=`cza19`@`%` SQL SECURITY DEFINER VIEW `vw_front_group_client` AS select `r`.`room_name` AS `room_name`,`c`.`mac` AS `mac`,`c`.`serial_no` AS `serial_no`,`c`.`position` AS `position` from ((`front_client` `c` join `front_room` `r` on((`c`.`room_id` = `r`.`room_id`))) join `front_group` `g` on((`c`.`group_id` = `g`.`group_id`))) order by `r`.`room_name`,`c`.`position`;

--
-- Constraints for dumped tables
--

--
-- Constraints for table `front_action`
--
ALTER TABLE `front_action`
  ADD CONSTRAINT `actiion_event_fk` FOREIGN KEY (`event_id`) REFERENCES `front_event` (`event_id`),
  ADD CONSTRAINT `action_cluster_fk` FOREIGN KEY (`cluster_id`) REFERENCES `front_cluster` (`cluster_id`);

--
-- Constraints for table `front_client`
--
ALTER TABLE `front_client`
  ADD CONSTRAINT `client_group_fk` FOREIGN KEY (`group_id`) REFERENCES `front_group` (`group_id`),
  ADD CONSTRAINT `room_fk` FOREIGN KEY (`room_id`) REFERENCES `front_room` (`room_id`);

--
-- Constraints for table `front_daily`
--
ALTER TABLE `front_daily`
  ADD CONSTRAINT `dow_fk` FOREIGN KEY (`day_of_week`) REFERENCES `front_day_of_week` (`day_of_week`),
  ADD CONSTRAINT `event_fk` FOREIGN KEY (`event_id`) REFERENCES `front_event` (`event_id`),
  ADD CONSTRAINT `group_fk` FOREIGN KEY (`group_id`) REFERENCES `front_group` (`group_id`);

--
-- Constraints for table `front_event_log`
--
ALTER TABLE `front_event_log`
  ADD CONSTRAINT `log_action_fk` FOREIGN KEY (`action_id`) REFERENCES `front_action` (`action_id`),
  ADD CONSTRAINT `log_daily_fk` FOREIGN KEY (`daily_id`) REFERENCES `front_daily` (`event_id`),
  ADD CONSTRAINT `log_event_fk` FOREIGN KEY (`event_id`) REFERENCES `front_event` (`event_id`),
  ADD CONSTRAINT `log_weekly_fk` FOREIGN KEY (`weekly_id`) REFERENCES `front_weekly` (`weekly_id`);

--
-- Constraints for table `front_weekly`
--
ALTER TABLE `front_weekly`
  ADD CONSTRAINT `weekly_event_fk` FOREIGN KEY (`event_id`) REFERENCES `front_event` (`event_id`);

/*!40101 SET CHARACTER_SET_CLIENT=@OLD_CHARACTER_SET_CLIENT */;
/*!40101 SET CHARACTER_SET_RESULTS=@OLD_CHARACTER_SET_RESULTS */;
/*!40101 SET COLLATION_CONNECTION=@OLD_COLLATION_CONNECTION */;
